"../../../Engine/Plugins/Animation/ACLPlugin/Content/ACLAnimBoneCompressionSettings.uasset" 0
"../../../Engine/Plugins/Animation/ACLPlugin/Content/ACLAnimBoneCompressionSettings.uexp" 1
"../../../Engine/Plugins/2D/Paper2D/Content/PlaceholderTextures/DummySpriteTexture.ubulk" 2
"../../../Engine/Plugins/2D/Paper2D/Content/PlaceholderTextures/DummySpriteTexture.uasset" 3
"../../../Engine/Plugins/2D/Paper2D/Content/PlaceholderTextures/DummySpriteTexture.uexp" 4
"../../../Engine/Plugins/2D/Paper2D/Content/DummySprite.uasset" 5
"../../../Engine/Plugins/2D/Paper2D/Content/DummySprite.uexp" 6
"../../../Engine/Plugins/2D/Paper2D/Content/DefaultPaperTerrainMaterial.uasset" 7
"../../../Engine/Plugins/2D/Paper2D/Content/DefaultPaperTerrainMaterial.uexp" 8
"../../../Engine/Content/EngineSounds/Master.uasset" 9
"../../../Engine/Content/EngineSounds/Master.uexp" 10
"../../../Engine/Content/EngineMaterials/DefaultPhysicalMaterial.uasset" 11
"../../../Engine/Content/EngineMaterials/DefaultPhysicalMaterial.uexp" 12
"../../../Engine/Content/EngineMaterials/DefaultDestructiblePhysicalMaterial.uasset" 13
"../../../Engine/Content/EngineMaterials/DefaultDestructiblePhysicalMaterial.uexp" 14
"../../../Engine/Content/EngineFonts/Faces/DroidSansFallback.uexp" 15
"../../../Engine/Content/EngineFonts/Faces/DroidSansFallback.uasset" 16
"../../../Engine/Content/EngineFonts/Faces/DroidSansFallback.ufont" 17
"../../../Engine/Content/EngineFonts/Faces/RobotoBold.uexp" 18
"../../../Engine/Content/EngineFonts/Faces/RobotoBold.uasset" 19
"../../../Engine/Content/EngineFonts/Faces/RobotoBold.ufont" 20
"../../../Engine/Content/EngineFonts/Faces/RobotoBoldItalic.uexp" 21
"../../../Engine/Content/EngineFonts/Faces/RobotoBoldItalic.uasset" 22
"../../../Engine/Content/EngineFonts/Faces/RobotoBoldItalic.ufont" 23
"../../../Engine/Content/EngineFonts/Faces/RobotoItalic.uexp" 24
"../../../Engine/Content/EngineFonts/Faces/RobotoItalic.uasset" 25
"../../../Engine/Content/EngineFonts/Faces/RobotoItalic.ufont" 26
"../../../Engine/Content/EngineFonts/Faces/RobotoLight.uexp" 27
"../../../Engine/Content/EngineFonts/Faces/RobotoLight.uasset" 28
"../../../Engine/Content/EngineFonts/Faces/RobotoLight.ufont" 29
"../../../Engine/Content/EngineFonts/Faces/RobotoRegular.uexp" 30
"../../../Engine/Content/EngineFonts/Faces/RobotoRegular.uasset" 31
"../../../Engine/Content/EngineFonts/Faces/RobotoRegular.ufont" 32
"../../../Engine/Content/EngineFonts/Roboto.uasset" 33
"../../../Engine/Content/EngineFonts/Roboto.uexp" 34
"../../../Engine/Content/EngineFonts/Faces/DroidSansMono.uexp" 35
"../../../Engine/Content/EngineFonts/Faces/DroidSansMono.uasset" 36
"../../../Engine/Content/EngineFonts/Faces/DroidSansMono.ufont" 37
"../../../Engine/Content/EngineFonts/DroidSansMono.uasset" 38
"../../../Engine/Content/EngineFonts/DroidSansMono.uexp" 39
"../../../Engine/Plugins/Interchange/Runtime/Content/Pipelines/DefaultTexturePipeline.uasset" 40
"../../../Engine/Plugins/Interchange/Runtime/Content/Pipelines/DefaultTexturePipeline.uexp" 41
"../../../Engine/Plugins/Interchange/Runtime/Content/Pipelines/DefaultSceneLevelPipeline.uasset" 42
"../../../Engine/Plugins/Interchange/Runtime/Content/Pipelines/DefaultSceneLevelPipeline.uexp" 43
"../../../Engine/Plugins/Interchange/Runtime/Content/Pipelines/DefaultSceneAssetsPipeline.uasset" 44
"../../../Engine/Plugins/Interchange/Runtime/Content/Pipelines/DefaultSceneAssetsPipeline.uexp" 45
"../../../Engine/Plugins/Interchange/Runtime/Content/Pipelines/DefaultMaterialXPipeline.uasset" 46
"../../../Engine/Plugins/Interchange/Runtime/Content/Pipelines/DefaultMaterialXPipeline.uexp" 47
"../../../Engine/Plugins/Interchange/Runtime/Content/Pipelines/DefaultMaterialPipeline.uasset" 48
"../../../Engine/Plugins/Interchange/Runtime/Content/Pipelines/DefaultMaterialPipeline.uexp" 49
"../../../Engine/Plugins/Interchange/Runtime/Content/Pipelines/DefaultGLTFSceneAssetsPipeline.uasset" 50
"../../../Engine/Plugins/Interchange/Runtime/Content/Pipelines/DefaultGLTFSceneAssetsPipeline.uexp" 51
"../../../Engine/Plugins/Interchange/Runtime/Content/Pipelines/DefaultGLTFPipeline.uasset" 52
"../../../Engine/Plugins/Interchange/Runtime/Content/Pipelines/DefaultGLTFPipeline.uexp" 53
"../../../Engine/Plugins/Interchange/Runtime/Content/Pipelines/DefaultGLTFAssetsPipeline.uasset" 54
"../../../Engine/Plugins/Interchange/Runtime/Content/Pipelines/DefaultGLTFAssetsPipeline.uexp" 55
"../../../Engine/Plugins/Interchange/Runtime/Content/Pipelines/DefaultAssetsPipeline.uasset" 56
"../../../Engine/Plugins/Interchange/Runtime/Content/Pipelines/DefaultAssetsPipeline.uexp" 57
"../../../Engine/Content/MobileResources/HUD/VirtualJoystick_Thumb.uasset" 58
"../../../Engine/Content/MobileResources/HUD/VirtualJoystick_Thumb.uexp" 59
"../../../Engine/Content/MobileResources/HUD/VirtualJoystick_Background.uasset" 60
"../../../Engine/Content/MobileResources/HUD/VirtualJoystick_Background.uexp" 61
"../../../Engine/Content/MobileResources/HUD/DefaultVirtualJoysticks.uasset" 62
"../../../Engine/Content/MobileResources/HUD/DefaultVirtualJoysticks.uexp" 63
"../../../Engine/Content/EngineResources/GradientTexture0.uasset" 64
"../../../Engine/Content/EngineResources/GradientTexture0.uexp" 65
"../../../Engine/Content/EngineResources/Black.uasset" 66
"../../../Engine/Content/EngineResources/Black.uexp" 67
"../../../Engine/Content/EditorResources/S_Actor.ubulk" 68
"../../../Engine/Content/EditorResources/S_Actor.uasset" 69
"../../../Engine/Content/EditorResources/S_Actor.uexp" 70
"../../../Engine/Content/EditorResources/S_Trigger.ubulk" 71
"../../../Engine/Content/EditorResources/S_Trigger.uasset" 72
"../../../Engine/Content/EditorResources/S_Trigger.uexp" 73
"../../../Engine/Content/EditorResources/S_BoxReflectionCapture.uasset" 74
"../../../Engine/Content/EditorResources/S_BoxReflectionCapture.uexp" 75
"../../../Engine/Content/EngineResources/DefaultTexture.ubulk" 76
"../../../Engine/Content/EngineResources/DefaultTexture.uasset" 77
"../../../Engine/Content/EngineResources/DefaultTexture.uexp" 78
"../../../Engine/Content/EditorResources/S_TriggerBox.uasset" 79
"../../../Engine/Content/EditorResources/S_TriggerBox.uexp" 80
"../../../Engine/Content/EditorResources/S_TriggerCapsule.uasset" 81
"../../../Engine/Content/EditorResources/S_TriggerCapsule.uexp" 82
"../../../Engine/Content/EditorResources/S_TriggerSphere.uasset" 83
"../../../Engine/Content/EditorResources/S_TriggerSphere.uexp" 84
"../../../Engine/Content/EngineMeshes/Sphere.ubulk" 85
"../../../Engine/Content/EngineMeshes/Sphere.uasset" 86
"../../../Engine/Content/EngineMeshes/Sphere.uexp" 87
"../../../Engine/Content/EngineResources/DefaultTextureCube.uasset" 88
"../../../Engine/Content/EngineResources/DefaultTextureCube.uexp" 89
"../../../Engine/Plugins/2D/Paper2D/Content/DefaultSpriteMaterial.uasset" 90
"../../../Engine/Plugins/2D/Paper2D/Content/DefaultSpriteMaterial.uexp" 91
"../../../Engine/Plugins/2D/Paper2D/Content/OpaqueUnlitSpriteMaterial.uasset" 92
"../../../Engine/Plugins/2D/Paper2D/Content/OpaqueUnlitSpriteMaterial.uexp" 93
"../../../Engine/Plugins/2D/Paper2D/Content/MaskedUnlitSpriteMaterial.uasset" 94
"../../../Engine/Plugins/2D/Paper2D/Content/MaskedUnlitSpriteMaterial.uexp" 95
"../../../Engine/Plugins/NNE/NNEDenoiser/Content/NNE_oidn2-3-0_rt_hdr_calb_cnrm_large__dyn__fp16_opset11_ForwardAlpha.uasset" 96
"../../../Engine/Plugins/NNE/NNEDenoiser/Content/NNE_oidn2-3-0_rt_hdr_calb_cnrm_large__dyn__fp16_opset11_ForwardAlpha.uexp" 97
"../../../Engine/Plugins/NNE/NNEDenoiser/Content/NNE_oidn2-3-0_rt_hdr_calb_cnrm_large__dyn__fp16_opset11_DenoiseAlpha.uasset" 98
"../../../Engine/Plugins/NNE/NNEDenoiser/Content/NNE_oidn2-3-0_rt_hdr_calb_cnrm_large__dyn__fp16_opset11_DenoiseAlpha.uexp" 99
"../../../Engine/Plugins/NNE/NNEDenoiser/Content/NNE_oidn2-3-0_rt_hdr_alb_nrm__dyn__fp16_opset11_ForwardAlpha.uasset" 100
"../../../Engine/Plugins/NNE/NNEDenoiser/Content/NNE_oidn2-3-0_rt_hdr_alb_nrm__dyn__fp16_opset11_ForwardAlpha.uexp" 101
"../../../Engine/Plugins/NNE/NNEDenoiser/Content/NNE_oidn2-3-0_rt_hdr_alb_nrm__dyn__fp16_opset11_DenoiseAlpha.uasset" 102
"../../../Engine/Plugins/NNE/NNEDenoiser/Content/NNE_oidn2-3-0_rt_hdr_alb_nrm__dyn__fp16_opset11_DenoiseAlpha.uexp" 103
"../../../Engine/Plugins/NNE/NNEDenoiser/Content/NNE_oidn2-3-0_rt_hdr_alb_nrm_small__dyn__fp16_opset11_ForwardAlpha.uasset" 104
"../../../Engine/Plugins/NNE/NNEDenoiser/Content/NNE_oidn2-3-0_rt_hdr_alb_nrm_small__dyn__fp16_opset11_ForwardAlpha.uexp" 105
"../../../Engine/Plugins/NNE/NNEDenoiser/Content/NNE_oidn2-3-0_rt_hdr_alb_nrm_small__dyn__fp16_opset11_DenoiseAlpha.uasset" 106
"../../../Engine/Plugins/NNE/NNEDenoiser/Content/NNE_oidn2-3-0_rt_hdr_alb_nrm_small__dyn__fp16_opset11_DenoiseAlpha.uexp" 107
"../../../Engine/Plugins/NNE/NNEDenoiser/Content/NNEDTOM_Output_Default.uasset" 108
"../../../Engine/Plugins/NNE/NNEDenoiser/Content/NNEDTOM_Output_Default.uexp" 109
"../../../Engine/Plugins/NNE/NNEDenoiser/Content/NNEDTOM_Output_Alpha.uasset" 110
"../../../Engine/Plugins/NNE/NNEDenoiser/Content/NNEDTOM_Output_Alpha.uexp" 111
"../../../Engine/Plugins/NNE/NNEDenoiser/Content/NNEDTIM_ColorAlbedoNormal_Default.uasset" 112
"../../../Engine/Plugins/NNE/NNEDenoiser/Content/NNEDTIM_ColorAlbedoNormal_Default.uexp" 113
"../../../Engine/Plugins/NNE/NNEDenoiser/Content/NNEDTIM_ColorAlbedoNormal_Alpha.uasset" 114
"../../../Engine/Plugins/NNE/NNEDenoiser/Content/NNEDTIM_ColorAlbedoNormal_Alpha.uexp" 115
"../../../Engine/Plugins/NNE/NNEDenoiser/Content/NNEDOM_Output_Default.uasset" 116
"../../../Engine/Plugins/NNE/NNEDenoiser/Content/NNEDOM_Output_Default.uexp" 117
"../../../Engine/Plugins/NNE/NNEDenoiser/Content/NNEDOM_Output_Alpha.uasset" 118
"../../../Engine/Plugins/NNE/NNEDenoiser/Content/NNEDOM_Output_Alpha.uexp" 119
"../../../Engine/Plugins/NNE/NNEDenoiser/Content/NNEDIM_HighQuality_Default.uasset" 120
"../../../Engine/Plugins/NNE/NNEDenoiser/Content/NNEDIM_HighQuality_Default.uexp" 121
"../../../Engine/Plugins/NNE/NNEDenoiser/Content/NNEDIM_HighQuality_Alpha.uasset" 122
"../../../Engine/Plugins/NNE/NNEDenoiser/Content/NNEDIM_HighQuality_Alpha.uexp" 123
"../../../Engine/Plugins/NNE/NNEDenoiser/Content/NNEDIM_ColorAlbedoNormal_Default.uasset" 124
"../../../Engine/Plugins/NNE/NNEDenoiser/Content/NNEDIM_ColorAlbedoNormal_Default.uexp" 125
"../../../Engine/Plugins/NNE/NNEDenoiser/Content/NNEDIM_ColorAlbedoNormal_Alpha.uasset" 126
"../../../Engine/Plugins/NNE/NNEDenoiser/Content/NNEDIM_ColorAlbedoNormal_Alpha.uexp" 127
"../../../Engine/Content/EngineMaterials/T_Default_Material_Grid_M.ubulk" 128
"../../../Engine/Content/EngineMaterials/T_Default_Material_Grid_M.uasset" 129
"../../../Engine/Content/EngineMaterials/T_Default_Material_Grid_M.uexp" 130
"../../../Engine/Content/Functions/Engine_MaterialFunctions01/Opacity/CameraDepthFade.uasset" 131
"../../../Engine/Content/Functions/Engine_MaterialFunctions01/Opacity/CameraDepthFade.uexp" 132
"../../../Engine/Content/EngineMaterials/T_Default_Material_Grid_N.ubulk" 133
"../../../Engine/Content/EngineMaterials/T_Default_Material_Grid_N.uasset" 134
"../../../Engine/Content/EngineMaterials/T_Default_Material_Grid_N.uexp" 135
"../../../Engine/Content/EngineMaterials/WorldGridMaterial.uasset" 136
"../../../Engine/Content/EngineMaterials/WorldGridMaterial.uexp" 137
"../../../Engine/Plugins/Media/MediaPlate/Content/SM_MediaPlateScreen.ubulk" 138
"../../../Engine/Plugins/Media/MediaPlate/Content/SM_MediaPlateScreen.uasset" 139
"../../../Engine/Plugins/Media/MediaPlate/Content/SM_MediaPlateScreen.uexp" 140
"../../../Engine/Content/Functions/Engine_MaterialFunctions02/WorldPositionOffset/CameraOffset.uasset" 141
"../../../Engine/Content/Functions/Engine_MaterialFunctions02/WorldPositionOffset/CameraOffset.uexp" 142
"../../../Engine/Plugins/Animation/ControlRig/Content/M_Manip.uasset" 143
"../../../Engine/Plugins/Animation/ControlRig/Content/M_Manip.uexp" 144
"../../../Engine/Content/EditorLandscapeResources/SplineEditorMeshMat.uasset" 145
"../../../Engine/Content/EditorLandscapeResources/SplineEditorMeshMat.uexp" 146
"../../../Engine/Content/EditorLandscapeResources/SplineEditorMesh.ubulk" 147
"../../../Engine/Content/EditorLandscapeResources/SplineEditorMesh.uasset" 148
"../../../Engine/Content/EditorLandscapeResources/SplineEditorMesh.uexp" 149
"../../../Engine/Content/EditorLandscapeResources/WhiteSquareTexture.uasset" 150
"../../../Engine/Content/EditorLandscapeResources/WhiteSquareTexture.uexp" 151
"../../../Engine/Content/EditorLandscapeResources/DefaultAlphaTexture.uasset" 152
"../../../Engine/Content/EditorLandscapeResources/DefaultAlphaTexture.uexp" 153
"../../../Engine/Content/Functions/Engine_MaterialFunctions03/Math/WithinRangeFloat2.uasset" 154
"../../../Engine/Content/Functions/Engine_MaterialFunctions03/Math/WithinRangeFloat2.uexp" 155
"../../../Engine/Content/EditorLandscapeResources/SelectBrushMaterial.uasset" 156
"../../../Engine/Content/EditorLandscapeResources/SelectBrushMaterial.uexp" 157
"../../../Engine/Content/EditorLandscapeResources/SelectBrushMaterial_SelectedRegion.uasset" 158
"../../../Engine/Content/EditorLandscapeResources/SelectBrushMaterial_SelectedRegion.uexp" 159
"../../../Engine/Content/EditorLandscapeResources/SelectBrushMaterial_Selected.uasset" 160
"../../../Engine/Content/EditorLandscapeResources/SelectBrushMaterial_Selected.uexp" 161
"../../../Engine/Content/Functions/Engine_MaterialFunctions02/Utility/MakeFloat3.uasset" 162
"../../../Engine/Content/Functions/Engine_MaterialFunctions02/Utility/MakeFloat3.uexp" 163
"../../../Engine/Content/EditorLandscapeResources/MaskBrushMaterial.uasset" 164
"../../../Engine/Content/EditorLandscapeResources/MaskBrushMaterial.uexp" 165
"../../../Engine/Content/EditorLandscapeResources/MaskBrushMaterial_MaskedRegion.uasset" 166
"../../../Engine/Content/EditorLandscapeResources/MaskBrushMaterial_MaskedRegion.uexp" 167
"../../../Engine/Content/EditorLandscapeResources/LayerVisMaterial.uasset" 168
"../../../Engine/Content/EditorLandscapeResources/LayerVisMaterial.uexp" 169
"../../../Engine/Content/Functions/Engine_MaterialFunctions02/Utility/BreakOutFloat2Components.uasset" 170
"../../../Engine/Content/Functions/Engine_MaterialFunctions02/Utility/BreakOutFloat2Components.uexp" 171
"../../../Engine/Content/Functions/Engine_MaterialFunctions01/Texturing/ScaleUVsByCenter.uasset" 172
"../../../Engine/Content/Functions/Engine_MaterialFunctions01/Texturing/ScaleUVsByCenter.uexp" 173
"../../../Engine/Content/Functions/Engine_MaterialFunctions02/WorldPositionOffset/LocalPosition.uasset" 174
"../../../Engine/Content/Functions/Engine_MaterialFunctions02/WorldPositionOffset/LocalPosition.uexp" 175
"../../../Engine/Content/EngineMaterials/DefaultDiffuse.ubulk" 176
"../../../Engine/Content/EngineMaterials/DefaultDiffuse.uasset" 177
"../../../Engine/Content/EngineMaterials/DefaultDiffuse.uexp" 178
"../../../Engine/Content/Functions/Engine_MaterialFunctions01/Texturing/TextureCropping.uasset" 179
"../../../Engine/Content/Functions/Engine_MaterialFunctions01/Texturing/TextureCropping.uexp" 180
"../../../Engine/Content/Functions/Engine_MaterialFunctions02/ExampleContent/DebugNumberStrip.uasset" 181
"../../../Engine/Content/Functions/Engine_MaterialFunctions02/ExampleContent/DebugNumberStrip.uexp" 182
"../../../Engine/Content/Functions/Engine_MaterialFunctions01/Debug/DebugIntValues.uasset" 183
"../../../Engine/Content/Functions/Engine_MaterialFunctions01/Debug/DebugIntValues.uexp" 184
"../../../Engine/Content/EditorLandscapeResources/LandscapeLayerUsageMaterial.uasset" 185
"../../../Engine/Content/EditorLandscapeResources/LandscapeLayerUsageMaterial.uexp" 186
"../../../Engine/Content/EditorLandscapeResources/LandscapeDirtyMaterial.uasset" 187
"../../../Engine/Content/EditorLandscapeResources/LandscapeDirtyMaterial.uexp" 188
"../../../Engine/Content/EditorLandscapeResources/ColorMaskBrushMaterial.uasset" 189
"../../../Engine/Content/EditorLandscapeResources/ColorMaskBrushMaterial.uexp" 190
"../../../Engine/Content/EditorLandscapeResources/ColorMaskBrushMaterial_MaskedRegion.uasset" 191
"../../../Engine/Content/EditorLandscapeResources/ColorMaskBrushMaterial_MaskedRegion.uexp" 192
"../../../Engine/Content/EngineMaterials/DefaultMaterial.uasset" 193
"../../../Engine/Content/EngineMaterials/DefaultMaterial.uexp" 194
"../../../Engine/Content/BasicShapes/Sphere.ubulk" 195
"../../../Engine/Content/BasicShapes/Sphere.uasset" 196
"../../../Engine/Content/BasicShapes/Sphere.uexp" 197
"../../../Engine/Content/BasicShapes/Plane.ubulk" 198
"../../../Engine/Content/BasicShapes/Plane.uasset" 199
"../../../Engine/Content/BasicShapes/Plane.uexp" 200
"../../../Engine/Content/BasicShapes/Cylinder.ubulk" 201
"../../../Engine/Content/BasicShapes/Cylinder.uasset" 202
"../../../Engine/Content/BasicShapes/Cylinder.uexp" 203
"../../../Engine/Content/BasicShapes/Cone.ubulk" 204
"../../../Engine/Content/BasicShapes/Cone.uasset" 205
"../../../Engine/Content/BasicShapes/Cone.uexp" 206
"../../../Engine/Content/EngineSky/T_Sky_Stars.ubulk" 207
"../../../Engine/Content/EngineSky/T_Sky_Stars.uasset" 208
"../../../Engine/Content/EngineSky/T_Sky_Stars.uexp" 209
"../../../Engine/Content/EngineSky/T_Sky_Clouds_M.ubulk" 210
"../../../Engine/Content/EngineSky/T_Sky_Clouds_M.uasset" 211
"../../../Engine/Content/EngineSky/T_Sky_Clouds_M.uexp" 212
"../../../Engine/Content/EngineSky/T_Sky_Blue.ubulk" 213
"../../../Engine/Content/EngineSky/T_Sky_Blue.uasset" 214
"../../../Engine/Content/EngineSky/T_Sky_Blue.uexp" 215
"../../../Engine/Content/EngineSky/M_Sky_Panning_Clouds2.uasset" 216
"../../../Engine/Content/EngineSky/M_Sky_Panning_Clouds2.uexp" 217
"../../../Engine/Content/EngineSky/SM_SkySphere.ubulk" 218
"../../../Engine/Content/EngineSky/SM_SkySphere.uasset" 219
"../../../Engine/Content/EngineSky/SM_SkySphere.uexp" 220
"../../../Engine/Content/EngineSky/M_SimpleSkyDome.uasset" 221
"../../../Engine/Content/EngineSky/M_SimpleSkyDome.uexp" 222
"../../../Engine/Content/EngineResources/WhiteSquareTexture.uasset" 223
"../../../Engine/Content/EngineResources/WhiteSquareTexture.uexp" 224
"../../../Engine/Content/EngineMaterials/Widget3DPassThrough.uasset" 225
"../../../Engine/Content/EngineMaterials/Widget3DPassThrough.uexp" 226
"../../../Engine/Content/EngineMaterials/Widget3DPassThrough_Translucent.uasset" 227
"../../../Engine/Content/EngineMaterials/Widget3DPassThrough_Translucent.uexp" 228
"../../../Engine/Content/EngineMaterials/Widget3DPassThrough_Translucent_OneSided.uasset" 229
"../../../Engine/Content/EngineMaterials/Widget3DPassThrough_Translucent_OneSided.uexp" 230
"../../../Engine/Content/EngineMaterials/Widget3DPassThrough_Opaque.uasset" 231
"../../../Engine/Content/EngineMaterials/Widget3DPassThrough_Opaque.uexp" 232
"../../../Engine/Content/EngineMaterials/Widget3DPassThrough_Opaque_OneSided.uasset" 233
"../../../Engine/Content/EngineMaterials/Widget3DPassThrough_Opaque_OneSided.uexp" 234
"../../../Engine/Content/EngineMaterials/Widget3DPassThrough_Masked_OneSided.uasset" 235
"../../../Engine/Content/EngineMaterials/Widget3DPassThrough_Masked_OneSided.uexp" 236
"../../../Engine/Content/EngineMaterials/Widget3DPassThrough_Masked.uasset" 237
"../../../Engine/Content/EngineMaterials/Widget3DPassThrough_Masked.uexp" 238
"../../../Engine/Content/EngineMaterials/WeightMapPlaceholderTexture.uasset" 239
"../../../Engine/Content/EngineMaterials/WeightMapPlaceholderTexture.uexp" 240
"../../../Engine/Content/EngineMaterials/WeightMapArrayPlaceholderTexture.uasset" 241
"../../../Engine/Content/EngineMaterials/WeightMapArrayPlaceholderTexture.uexp" 242
"../../../Engine/Content/EngineMaterials/RemoveSurfaceMaterial.uasset" 243
"../../../Engine/Content/EngineMaterials/RemoveSurfaceMaterial.uexp" 244
"../../../Engine/Content/EngineMaterials/PreintegratedSkinBRDF.uasset" 245
"../../../Engine/Content/EngineMaterials/PreintegratedSkinBRDF.uexp" 246
"../../../Engine/Content/EngineMaterials/DefaultCalibrationGrayscale.uasset" 247
"../../../Engine/Content/EngineMaterials/DefaultCalibrationGrayscale.uexp" 248
"../../../Engine/Content/EngineMaterials/PPM_DefaultCalibrationGrayscale.uasset" 249
"../../../Engine/Content/EngineMaterials/PPM_DefaultCalibrationGrayscale.uexp" 250
"../../../Engine/Content/EngineMaterials/DefaultCalibrationColor.uasset" 251
"../../../Engine/Content/EngineMaterials/DefaultCalibrationColor.uexp" 252
"../../../Engine/Content/EngineMaterials/PPM_DefaultCalibrationColor.uasset" 253
"../../../Engine/Content/EngineMaterials/PPM_DefaultCalibrationColor.uexp" 254
"../../../Engine/Content/EngineMaterials/PhAT_JointLimitMaterial.uasset" 255
"../../../Engine/Content/EngineMaterials/PhAT_JointLimitMaterial.uexp" 256
"../../../Engine/Content/EngineMaterials/NaniteHiddenSectionMaterial.uasset" 257
"../../../Engine/Content/EngineMaterials/NaniteHiddenSectionMaterial.uexp" 258
"../../../Engine/Content/EngineMaterials/InvalidLightmapSettings.ubulk" 259
"../../../Engine/Content/EngineMaterials/InvalidLightmapSettings.uasset" 260
"../../../Engine/Content/EngineMaterials/InvalidLightmapSettings.uexp" 261
"../../../Engine/Content/EngineMaterials/M_InvalidLightmapSettings.uasset" 262
"../../../Engine/Content/EngineMaterials/M_InvalidLightmapSettings.uexp" 263
"../../../Engine/Content/EngineMaterials/MiniFont.uasset" 264
"../../../Engine/Content/EngineMaterials/MiniFont.uexp" 265
"../../../Engine/Content/EngineMaterials/GizmoMaterial.uasset" 266
"../../../Engine/Content/EngineMaterials/GizmoMaterial.uexp" 267
"../../../Engine/Content/EngineMaterials/BaseFlattenDiffuseMap_VT.ubulk" 268
"../../../Engine/Content/EngineMaterials/BaseFlattenDiffuseMap_VT.uasset" 269
"../../../Engine/Content/EngineMaterials/BaseFlattenDiffuseMap_VT.uexp" 270
"../../../Engine/Content/EngineMaterials/BaseFlattenEmissiveMap_VT.ubulk" 271
"../../../Engine/Content/EngineMaterials/BaseFlattenEmissiveMap_VT.uasset" 272
"../../../Engine/Content/EngineMaterials/BaseFlattenEmissiveMap_VT.uexp" 273
"../../../Engine/Content/EngineMaterials/BaseFlattenGrayscaleMap_VT.ubulk" 274
"../../../Engine/Content/EngineMaterials/BaseFlattenGrayscaleMap_VT.uasset" 275
"../../../Engine/Content/EngineMaterials/BaseFlattenGrayscaleMap_VT.uexp" 276
"../../../Engine/Content/EngineMaterials/BaseFlattenLinearColor_VT.ubulk" 277
"../../../Engine/Content/EngineMaterials/BaseFlattenLinearColor_VT.uasset" 278
"../../../Engine/Content/EngineMaterials/BaseFlattenLinearColor_VT.uexp" 279
"../../../Engine/Content/EngineMaterials/BaseFlattenNormalMap_VT.ubulk" 280
"../../../Engine/Content/EngineMaterials/BaseFlattenNormalMap_VT.uasset" 281
"../../../Engine/Content/EngineMaterials/BaseFlattenNormalMap_VT.uexp" 282
"../../../Engine/Content/EngineMaterials/Black_1x1_EXR_Texture_VT.ubulk" 283
"../../../Engine/Content/EngineMaterials/Black_1x1_EXR_Texture_VT.uasset" 284
"../../../Engine/Content/EngineMaterials/Black_1x1_EXR_Texture_VT.uexp" 285
"../../../Engine/Content/EngineMaterials/FlattenMaterial_WS_Normal_VT.uasset" 286
"../../../Engine/Content/EngineMaterials/FlattenMaterial_WS_Normal_VT.uexp" 287
"../../../Engine/Content/EngineMaterials/FlattenMaterial_VT.uasset" 288
"../../../Engine/Content/EngineMaterials/FlattenMaterial_VT.uexp" 289
"../../../Engine/Content/EngineMaterials/BaseFlattenNormalMap.uasset" 290
"../../../Engine/Content/EngineMaterials/BaseFlattenNormalMap.uexp" 291
"../../../Engine/Content/EngineMaterials/BaseFlattenDiffuseMap.uasset" 292
"../../../Engine/Content/EngineMaterials/BaseFlattenDiffuseMap.uexp" 293
"../../../Engine/Content/EngineMaterials/BaseFlattenEmissiveMap.uasset" 294
"../../../Engine/Content/EngineMaterials/BaseFlattenEmissiveMap.uexp" 295
"../../../Engine/Content/EngineMaterials/BaseFlattenGrayscaleMap.uasset" 296
"../../../Engine/Content/EngineMaterials/BaseFlattenGrayscaleMap.uexp" 297
"../../../Engine/Content/EngineMaterials/BaseFlattenLinearColor.uasset" 298
"../../../Engine/Content/EngineMaterials/BaseFlattenLinearColor.uexp" 299
"../../../Engine/Content/Functions/Engine_MaterialFunctions02/PivotPainter2/Black_1x1_EXR_Texture.uasset" 300
"../../../Engine/Content/Functions/Engine_MaterialFunctions02/PivotPainter2/Black_1x1_EXR_Texture.uexp" 301
"../../../Engine/Content/EngineMaterials/FlattenMaterial.uasset" 302
"../../../Engine/Content/EngineMaterials/FlattenMaterial.uexp" 303
"../../../Engine/Content/EngineMaterials/FastBlueNoise_vec2_128x128x64.uasset" 304
"../../../Engine/Content/EngineMaterials/FastBlueNoise_vec2_128x128x64.uexp" 305
"../../../Engine/Content/EngineMaterials/FastBlueNoise_scalar_128x128x8.uasset" 306
"../../../Engine/Content/EngineMaterials/FastBlueNoise_scalar_128x128x8.uexp" 307
"../../../Engine/Content/EngineMaterials/FastBlueNoise_scalar_128x128x64.uasset" 308
"../../../Engine/Content/EngineMaterials/FastBlueNoise_scalar_128x128x64.uexp" 309
"../../../Engine/Content/EngineMaterials/DefaultWhiteGrid_Low.uasset" 310
"../../../Engine/Content/EngineMaterials/DefaultWhiteGrid_Low.uexp" 311
"../../../Engine/Content/EngineMaterials/EmissiveMeshMaterial.uasset" 312
"../../../Engine/Content/EngineMaterials/EmissiveMeshMaterial.uexp" 313
"../../../Engine/Content/EngineMaterials/DefaultWhiteGrid.ubulk" 314
"../../../Engine/Content/EngineMaterials/DefaultWhiteGrid.uasset" 315
"../../../Engine/Content/EngineMaterials/DefaultWhiteGrid.uexp" 316
"../../../Engine/Content/EngineFonts/RobotoDistanceField.uasset" 317
"../../../Engine/Content/EngineFonts/RobotoDistanceField.uexp" 318
"../../../Engine/Content/EngineMaterials/DefaultTextMaterialOpaque.uasset" 319
"../../../Engine/Content/EngineMaterials/DefaultTextMaterialOpaque.uexp" 320
"../../../Engine/Content/EngineMaterials/DefaultPostProcessMaterial.uasset" 321
"../../../Engine/Content/EngineMaterials/DefaultPostProcessMaterial.uexp" 322
"../../../Engine/Content/EngineMaterials/DefaultLightFunctionMaterial.uasset" 323
"../../../Engine/Content/EngineMaterials/DefaultLightFunctionMaterial.uexp" 324
"../../../Engine/Content/EngineMaterials/DefaultDeferredDecalMaterial.uasset" 325
"../../../Engine/Content/EngineMaterials/DefaultDeferredDecalMaterial.uexp" 326
"../../../Engine/Content/EngineMaterials/DefaultBokeh.uasset" 327
"../../../Engine/Content/EngineMaterials/DefaultBokeh.uexp" 328
"../../../Engine/Content/EngineMaterials/DefaultBloomKernel.uasset" 329
"../../../Engine/Content/EngineMaterials/DefaultBloomKernel.uexp" 330
"../../../Engine/Content/Functions/Engine_MaterialFunctions02/Utility/CameraDirectionVector.uasset" 331
"../../../Engine/Content/Functions/Engine_MaterialFunctions02/Utility/CameraDirectionVector.uexp" 332
"../../../Engine/Content/EngineDebugMaterials/VolumeToRender.uasset" 333
"../../../Engine/Content/EngineDebugMaterials/VolumeToRender.uexp" 334
"../../../Engine/Content/EngineDebugMaterials/M_VolumeRenderSphereTracePP.uasset" 335
"../../../Engine/Content/EngineDebugMaterials/M_VolumeRenderSphereTracePP.uexp" 336
"../../../Engine/Content/EngineDebugMaterials/M_SimpleUnlitTranslucent.uasset" 337
"../../../Engine/Content/EngineDebugMaterials/M_SimpleUnlitTranslucent.uexp" 338
"../../../Engine/Content/EngineDebugMaterials/DebugMeshMaterial.uasset" 339
"../../../Engine/Content/EngineDebugMaterials/DebugMeshMaterial.uexp" 340
"../../../Engine/Content/EngineDebugMaterials/DebugEditorMaterial.uasset" 341
"../../../Engine/Content/EngineDebugMaterials/DebugEditorMaterial.uexp" 342
"../../../Engine/Content/EngineDamageTypes/DmgTypeBP_Environmental.uasset" 343
"../../../Engine/Content/EngineDamageTypes/DmgTypeBP_Environmental.uexp" 344
"../../../Engine/Content/EditorResources/S_Terrain.ubulk" 345
"../../../Engine/Content/EditorResources/S_Terrain.uasset" 346
"../../../Engine/Content/EditorResources/S_Terrain.uexp" 347
"../../../Engine/Content/EditorResources/S_Solver.ubulk" 348
"../../../Engine/Content/EditorResources/S_Solver.uasset" 349
"../../../Engine/Content/EditorResources/S_Solver.uexp" 350
"../../../Engine/Content/EditorResources/BSPVertex.uasset" 351
"../../../Engine/Content/EditorResources/BSPVertex.uexp" 352
"../../../Engine/Content/EditorMaterials/PreviewShadowIndicator.ubulk" 353
"../../../Engine/Content/EditorMaterials/PreviewShadowIndicator.uasset" 354
"../../../Engine/Content/EditorMaterials/PreviewShadowIndicator.uexp" 355
"../../../Engine/Content/EditorMaterials/PreviewShadowIndicatorMaterial.uasset" 356
"../../../Engine/Content/EditorMaterials/PreviewShadowIndicatorMaterial.uexp" 357
"../../../Engine/Content/EditorMaterials/PhAT_UnselectedMaterial.uasset" 358
"../../../Engine/Content/EditorMaterials/PhAT_UnselectedMaterial.uexp" 359
"../../../Engine/Content/EditorMaterials/PhAT_NoCollisionMaterial.uasset" 360
"../../../Engine/Content/EditorMaterials/PhAT_NoCollisionMaterial.uexp" 361
"../../../Engine/Plugins/VirtualProduction/CameraCalibrationCore/Content/Materials/M_DefaultOddSquare.uasset" 362
"../../../Engine/Plugins/VirtualProduction/CameraCalibrationCore/Content/Materials/M_DefaultOddSquare.uexp" 363
"../../../Engine/Plugins/VirtualProduction/CameraCalibrationCore/Content/Materials/M_DefaultEvenSquare.uasset" 364
"../../../Engine/Plugins/VirtualProduction/CameraCalibrationCore/Content/Materials/M_DefaultEvenSquare.uexp" 365
"../../../Engine/Plugins/Runtime/HairStrands/Content/Materials/HairMeshesDefaultMaterial.uasset" 366
"../../../Engine/Plugins/Runtime/HairStrands/Content/Materials/HairMeshesDefaultMaterial.uexp" 367
"../../../Engine/Plugins/Runtime/HairStrands/Content/Materials/HairDefaultMaterial.uasset" 368
"../../../Engine/Plugins/Runtime/HairStrands/Content/Materials/HairDefaultMaterial.uexp" 369
"../../../Engine/Content/Functions/Engine_MaterialFunctions02/Utility/MakeFloat2.uasset" 370
"../../../Engine/Content/Functions/Engine_MaterialFunctions02/Utility/MakeFloat2.uexp" 371
"../../../Engine/Content/EngineMaterials/HairDebugColor.uasset" 372
"../../../Engine/Content/EngineMaterials/HairDebugColor.uexp" 373
"../../../Engine/Content/EngineMaterials/HairColorMap.uasset" 374
"../../../Engine/Content/EngineMaterials/HairColorMap.uexp" 375
"../../../Engine/Plugins/Runtime/HairStrands/Content/Materials/HairGroupColors.uasset" 376
"../../../Engine/Plugins/Runtime/HairStrands/Content/Materials/HairGroupColors.uexp" 377
"../../../Engine/Plugins/Runtime/HairStrands/Content/Materials/HairDebugMaterial.uasset" 378
"../../../Engine/Plugins/Runtime/HairStrands/Content/Materials/HairDebugMaterial.uexp" 379
"../../../Engine/Plugins/Runtime/HairStrands/Content/Materials/HairCardsDefaultMaterial.uasset" 380
"../../../Engine/Plugins/Runtime/HairStrands/Content/Materials/HairCardsDefaultMaterial.uexp" 381
"../../../Engine/Plugins/Runtime/AudioWidgets/Content/Resources/ScrubHandleDown_Clamped.uasset" 382
"../../../Engine/Plugins/Runtime/AudioWidgets/Content/Resources/ScrubHandleDown_Clamped.uexp" 383
"../../../Engine/Plugins/Interchange/Assets/Content/Functions/MX_UsdPreviewSurface.uasset" 384
"../../../Engine/Plugins/Interchange/Assets/Content/Functions/MX_UsdPreviewSurface.uexp" 385
"../../../Engine/Plugins/Interchange/Assets/Content/Functions/MX_UniformEDF.uasset" 386
"../../../Engine/Plugins/Interchange/Assets/Content/Functions/MX_UniformEDF.uexp" 387
"../../../Engine/Plugins/Interchange/Assets/Content/Functions/MX_TranslucentBSDF.uasset" 388
"../../../Engine/Plugins/Interchange/Assets/Content/Functions/MX_TranslucentBSDF.uexp" 389
"../../../Engine/Plugins/Interchange/Assets/Content/Functions/MX_ThinFilmBSDF.uasset" 390
"../../../Engine/Plugins/Interchange/Assets/Content/Functions/MX_ThinFilmBSDF.uexp" 391
"../../../Engine/Plugins/Interchange/Assets/Content/Functions/MX_SurfaceUnlit.uasset" 392
"../../../Engine/Plugins/Interchange/Assets/Content/Functions/MX_SurfaceUnlit.uexp" 393
"../../../Engine/Plugins/Interchange/Assets/Content/Functions/MX_Surface.uasset" 394
"../../../Engine/Plugins/Interchange/Assets/Content/Functions/MX_Surface.uexp" 395
"../../../Engine/Plugins/Interchange/Assets/Content/Functions/MX_SubsurfaceBSDF.uasset" 396
"../../../Engine/Plugins/Interchange/Assets/Content/Functions/MX_SubsurfaceBSDF.uexp" 397
"../../../Engine/Plugins/Interchange/Assets/Content/Functions/MX_SheenBSDF.uasset" 398
"../../../Engine/Plugins/Interchange/Assets/Content/Functions/MX_SheenBSDF.uexp" 399
"../../../Engine/Plugins/Interchange/Assets/Content/Functions/MX_OrenNayarBSDF.uasset" 400
"../../../Engine/Plugins/Interchange/Assets/Content/Functions/MX_OrenNayarBSDF.uexp" 401
"../../../Engine/Plugins/Interchange/Assets/Content/Functions/MF_IridescenceNoLUT.uasset" 402
"../../../Engine/Plugins/Interchange/Assets/Content/Functions/MF_IridescenceNoLUT.uexp" 403
"../../../Engine/Plugins/Interchange/Assets/Content/Functions/MX_StandardSurface.uasset" 404
"../../../Engine/Plugins/Interchange/Assets/Content/Functions/MX_StandardSurface.uexp" 405
"../../../Engine/Plugins/Interchange/Assets/Content/Functions/MX_TransmissionSurface.uasset" 406
"../../../Engine/Plugins/Interchange/Assets/Content/Functions/MX_TransmissionSurface.uexp" 407
"../../../Engine/Plugins/Interchange/Assets/Content/Functions/MX_OpenPBR_Translucent.uasset" 408
"../../../Engine/Plugins/Interchange/Assets/Content/Functions/MX_OpenPBR_Translucent.uexp" 409
"../../../Engine/Plugins/Interchange/Assets/Content/Functions/MX_OpenPBR_Opaque.uasset" 410
"../../../Engine/Plugins/Interchange/Assets/Content/Functions/MX_OpenPBR_Opaque.uexp" 411
"../../../Engine/Plugins/Interchange/Assets/Content/Functions/MX_MeasuredEDF.uasset" 412
"../../../Engine/Plugins/Interchange/Assets/Content/Functions/MX_MeasuredEDF.uexp" 413
"../../../Engine/Plugins/Interchange/Assets/Content/Functions/MX_GeneralizedSchlickBSDF.uasset" 414
"../../../Engine/Plugins/Interchange/Assets/Content/Functions/MX_GeneralizedSchlickBSDF.uexp" 415
"../../../Engine/Plugins/Interchange/Assets/Content/Functions/MX_Displacement.uasset" 416
"../../../Engine/Plugins/Interchange/Assets/Content/Functions/MX_Displacement.uexp" 417
"../../../Engine/Plugins/Interchange/Assets/Content/Functions/MX_DielectricBSDF.uasset" 418
"../../../Engine/Plugins/Interchange/Assets/Content/Functions/MX_DielectricBSDF.uexp" 419
"../../../Engine/Plugins/Interchange/Assets/Content/Functions/MX_ConicalEDF.uasset" 420
"../../../Engine/Plugins/Interchange/Assets/Content/Functions/MX_ConicalEDF.uexp" 421
"../../../Engine/Plugins/Interchange/Assets/Content/Functions/MX_ConductorBSDF.uasset" 422
"../../../Engine/Plugins/Interchange/Assets/Content/Functions/MX_ConductorBSDF.uexp" 423
"../../../Engine/Plugins/Interchange/Assets/Content/Functions/MX_BurleyDiffuseBSDF.uasset" 424
"../../../Engine/Plugins/Interchange/Assets/Content/Functions/MX_BurleyDiffuseBSDF.uexp" 425
"../../../Engine/Plugins/Interchange/Assets/Content/Functions/MX_AnisotropicVDF.uasset" 426
"../../../Engine/Plugins/Interchange/Assets/Content/Functions/MX_AnisotropicVDF.uexp" 427
"../../../Engine/Plugins/Interchange/Assets/Content/Functions/MX_AbsorptionVDF.uasset" 428
"../../../Engine/Plugins/Interchange/Assets/Content/Functions/MX_AbsorptionVDF.uexp" 429
"../../../Engine/Content/Functions/Engine_MaterialFunctions02/Utility/VectorLength.uasset" 430
"../../../Engine/Content/Functions/Engine_MaterialFunctions02/Utility/VectorLength.uexp" 431
"../../../Engine/Content/Functions/Engine_MaterialFunctions02/Utility/BreakOutFloat3Components.uasset" 432
"../../../Engine/Content/Functions/Engine_MaterialFunctions02/Utility/BreakOutFloat3Components.uexp" 433
"../../../Engine/Content/Functions/Engine_MaterialFunctions02/WorldPositionOffset/ObjectScale.uasset" 434
"../../../Engine/Content/Functions/Engine_MaterialFunctions02/WorldPositionOffset/ObjectScale.uexp" 435
"../../../Engine/Content/Functions/Engine_MaterialFunctions02/SafeNormalize.uasset" 436
"../../../Engine/Content/Functions/Engine_MaterialFunctions02/SafeNormalize.uexp" 437
"../../../Engine/Plugins/Editor/SpeedTreeImporter/Content/SpeedTree9/UnpackInteger3.uasset" 438
"../../../Engine/Plugins/Editor/SpeedTreeImporter/Content/SpeedTree9/UnpackInteger3.uexp" 439
"../../../Engine/Plugins/Editor/SpeedTreeImporter/Content/SpeedTree9/UnpackDirection.uasset" 440
"../../../Engine/Plugins/Editor/SpeedTreeImporter/Content/SpeedTree9/UnpackDirection.uexp" 441
"../../../Engine/Plugins/Editor/SpeedTreeImporter/Content/SpeedTree9/game_wind_noise.ubulk" 442
"../../../Engine/Plugins/Editor/SpeedTreeImporter/Content/SpeedTree9/game_wind_noise.uasset" 443
"../../../Engine/Plugins/Editor/SpeedTreeImporter/Content/SpeedTree9/game_wind_noise.uexp" 444
"../../../Engine/Plugins/Editor/SpeedTreeImporter/Content/SpeedTree9/SpeedTreeWindMotion.uasset" 445
"../../../Engine/Plugins/Editor/SpeedTreeImporter/Content/SpeedTree9/SpeedTreeWindMotion.uexp" 446
"../../../Engine/Plugins/Editor/SpeedTreeImporter/Content/SpeedTree9/SpeedTreeBranchMotion.uasset" 447
"../../../Engine/Plugins/Editor/SpeedTreeImporter/Content/SpeedTree9/SpeedTreeBranchMotion.uexp" 448
"../../../Engine/Content/Functions/Engine_MaterialFunctions02/ObjectLocalBounds.uasset" 449
"../../../Engine/Content/Functions/Engine_MaterialFunctions02/ObjectLocalBounds.uexp" 450
"../../../Engine/Content/Functions/Engine_MaterialFunctions02/UVs/BoundingBoxBased_0-1_UVW.uasset" 451
"../../../Engine/Content/Functions/Engine_MaterialFunctions02/UVs/BoundingBoxBased_0-1_UVW.uexp" 452
"../../../Engine/Plugins/Editor/SpeedTreeImporter/Content/SpeedTree9/SpeedTreeWind.uasset" 453
"../../../Engine/Plugins/Editor/SpeedTreeImporter/Content/SpeedTree9/SpeedTreeWind.uexp" 454
"../../../Engine/Plugins/Editor/SpeedTreeImporter/Content/SpeedTree9/SpeedTreeCameraFacing.uasset" 455
"../../../Engine/Plugins/Editor/SpeedTreeImporter/Content/SpeedTree9/SpeedTreeCameraFacing.uexp" 456
"../../../Engine/Plugins/Editor/SpeedTreeImporter/Content/SpeedTree9/Empty.uasset" 457
"../../../Engine/Plugins/Editor/SpeedTreeImporter/Content/SpeedTree9/Empty.uexp" 458
"../../../Engine/Plugins/Editor/SpeedTreeImporter/Content/SpeedTree9/EmptyNormal.uasset" 459
"../../../Engine/Plugins/Editor/SpeedTreeImporter/Content/SpeedTree9/EmptyNormal.uexp" 460
"../../../Engine/Plugins/Editor/SpeedTreeImporter/Content/SpeedTree9/SpeedTreeMaster.uasset" 461
"../../../Engine/Plugins/Editor/SpeedTreeImporter/Content/SpeedTree9/SpeedTreeMaster.uexp" 462
"../../../Engine/Plugins/Editor/SpeedTreeImporter/Content/SpeedTree9/SpeedTreeBillboard.uasset" 463
"../../../Engine/Plugins/Editor/SpeedTreeImporter/Content/SpeedTree9/SpeedTreeBillboard.uexp" 464
"../../../Engine/Plugins/Editor/SpeedTreeImporter/Content/SpeedTree9/SpeedTreeBillboardMaster.uasset" 465
"../../../Engine/Plugins/Editor/SpeedTreeImporter/Content/SpeedTree9/SpeedTreeBillboardMaster.uexp" 466
"../../../Engine/Plugins/Animation/ControlRig/Content/Controls/ControlRig_Wedge_solid.ubulk" 467
"../../../Engine/Plugins/Animation/ControlRig/Content/Controls/ControlRig_Wedge_solid.uasset" 468
"../../../Engine/Plugins/Animation/ControlRig/Content/Controls/ControlRig_Wedge_solid.uexp" 469
"../../../Engine/Plugins/Animation/ControlRig/Content/Controls/ControlRig_Wedge_3mm.ubulk" 470
"../../../Engine/Plugins/Animation/ControlRig/Content/Controls/ControlRig_Wedge_3mm.uasset" 471
"../../../Engine/Plugins/Animation/ControlRig/Content/Controls/ControlRig_Wedge_3mm.uexp" 472
"../../../Engine/Plugins/Animation/ControlRig/Content/Controls/ControlRig_Wedge_1mm.ubulk" 473
"../../../Engine/Plugins/Animation/ControlRig/Content/Controls/ControlRig_Wedge_1mm.uasset" 474
"../../../Engine/Plugins/Animation/ControlRig/Content/Controls/ControlRig_Wedge_1mm.uexp" 475
"../../../Engine/Plugins/Animation/ControlRig/Content/Controls/ControlRig_Triangle_solid.ubulk" 476
"../../../Engine/Plugins/Animation/ControlRig/Content/Controls/ControlRig_Triangle_solid.uasset" 477
"../../../Engine/Plugins/Animation/ControlRig/Content/Controls/ControlRig_Triangle_solid.uexp" 478
"../../../Engine/Plugins/Animation/ControlRig/Content/Controls/ControlRig_Triangle_3mm.ubulk" 479
"../../../Engine/Plugins/Animation/ControlRig/Content/Controls/ControlRig_Triangle_3mm.uasset" 480
"../../../Engine/Plugins/Animation/ControlRig/Content/Controls/ControlRig_Triangle_3mm.uexp" 481
"../../../Engine/Plugins/Animation/ControlRig/Content/Controls/ControlRig_Triangle_1mm.ubulk" 482
"../../../Engine/Plugins/Animation/ControlRig/Content/Controls/ControlRig_Triangle_1mm.uasset" 483
"../../../Engine/Plugins/Animation/ControlRig/Content/Controls/ControlRig_Triangle_1mm.uexp" 484
"../../../Engine/Plugins/Animation/ControlRig/Content/Controls/ControlRig_Star4_solid.ubulk" 485
"../../../Engine/Plugins/Animation/ControlRig/Content/Controls/ControlRig_Star4_solid.uasset" 486
"../../../Engine/Plugins/Animation/ControlRig/Content/Controls/ControlRig_Star4_solid.uexp" 487
"../../../Engine/Plugins/Animation/ControlRig/Content/Controls/ControlRig_Star4_3mm.ubulk" 488
"../../../Engine/Plugins/Animation/ControlRig/Content/Controls/ControlRig_Star4_3mm.uasset" 489
"../../../Engine/Plugins/Animation/ControlRig/Content/Controls/ControlRig_Star4_3mm.uexp" 490
"../../../Engine/Plugins/Animation/ControlRig/Content/Controls/ControlRig_Star4_1mm.ubulk" 491
"../../../Engine/Plugins/Animation/ControlRig/Content/Controls/ControlRig_Star4_1mm.uasset" 492
"../../../Engine/Plugins/Animation/ControlRig/Content/Controls/ControlRig_Star4_1mm.uexp" 493
"../../../Engine/Plugins/Animation/ControlRig/Content/Controls/ControlRig_Square_solid.ubulk" 494
"../../../Engine/Plugins/Animation/ControlRig/Content/Controls/ControlRig_Square_solid.uasset" 495
"../../../Engine/Plugins/Animation/ControlRig/Content/Controls/ControlRig_Square_solid.uexp" 496
"../../../Engine/Plugins/Animation/ControlRig/Content/Controls/ControlRig_Square_3mm.ubulk" 497
"../../../Engine/Plugins/Animation/ControlRig/Content/Controls/ControlRig_Square_3mm.uasset" 498
"../../../Engine/Plugins/Animation/ControlRig/Content/Controls/ControlRig_Square_3mm.uexp" 499
"../../../Engine/Plugins/Animation/ControlRig/Content/Controls/ControlRig_Square_1mm.ubulk" 500
"../../../Engine/Plugins/Animation/ControlRig/Content/Controls/ControlRig_Square_1mm.uasset" 501
"../../../Engine/Plugins/Animation/ControlRig/Content/Controls/ControlRig_Square_1mm.uexp" 502
"../../../Engine/Plugins/Animation/ControlRig/Content/Controls/ControlRig_Sphere_solid.ubulk" 503
"../../../Engine/Plugins/Animation/ControlRig/Content/Controls/ControlRig_Sphere_solid.uasset" 504
"../../../Engine/Plugins/Animation/ControlRig/Content/Controls/ControlRig_Sphere_solid.uexp" 505
"../../../Engine/Plugins/Animation/ControlRig/Content/Controls/ControlRig_Sphere_3mm.ubulk" 506
"../../../Engine/Plugins/Animation/ControlRig/Content/Controls/ControlRig_Sphere_3mm.uasset" 507
"../../../Engine/Plugins/Animation/ControlRig/Content/Controls/ControlRig_Sphere_3mm.uexp" 508
"../../../Engine/Plugins/Animation/ControlRig/Content/Controls/ControlRig_Sphere_1mm.ubulk" 509
"../../../Engine/Plugins/Animation/ControlRig/Content/Controls/ControlRig_Sphere_1mm.uasset" 510
"../../../Engine/Plugins/Animation/ControlRig/Content/Controls/ControlRig_Sphere_1mm.uexp" 511
"../../../Engine/Plugins/Animation/ControlRig/Content/Controls/ControlRig_RoundedTriangle_solid.ubulk" 512
"../../../Engine/Plugins/Animation/ControlRig/Content/Controls/ControlRig_RoundedTriangle_solid.uasset" 513
"../../../Engine/Plugins/Animation/ControlRig/Content/Controls/ControlRig_RoundedTriangle_solid.uexp" 514
"../../../Engine/Plugins/Animation/ControlRig/Content/Controls/ControlRig_RoundedTriangle_3mm.ubulk" 515
"../../../Engine/Plugins/Animation/ControlRig/Content/Controls/ControlRig_RoundedTriangle_3mm.uasset" 516
"../../../Engine/Plugins/Animation/ControlRig/Content/Controls/ControlRig_RoundedTriangle_3mm.uexp" 517
"../../../Engine/Plugins/Animation/ControlRig/Content/Controls/ControlRig_RoundedTriangle_1mm.ubulk" 518
"../../../Engine/Plugins/Animation/ControlRig/Content/Controls/ControlRig_RoundedTriangle_1mm.uasset" 519
"../../../Engine/Plugins/Animation/ControlRig/Content/Controls/ControlRig_RoundedTriangle_1mm.uexp" 520
"../../../Engine/Plugins/Animation/ControlRig/Content/Controls/ControlRig_RoundedSquare_solid.ubulk" 521
"../../../Engine/Plugins/Animation/ControlRig/Content/Controls/ControlRig_RoundedSquare_solid.uasset" 522
"../../../Engine/Plugins/Animation/ControlRig/Content/Controls/ControlRig_RoundedSquare_solid.uexp" 523
"../../../Engine/Plugins/Animation/ControlRig/Content/Controls/ControlRig_RoundedSquare_3mm.ubulk" 524
"../../../Engine/Plugins/Animation/ControlRig/Content/Controls/ControlRig_RoundedSquare_3mm.uasset" 525
"../../../Engine/Plugins/Animation/ControlRig/Content/Controls/ControlRig_RoundedSquare_3mm.uexp" 526
"../../../Engine/Plugins/Animation/ControlRig/Content/Controls/ControlRig_RoundedSquare_1mm.ubulk" 527
"../../../Engine/Plugins/Animation/ControlRig/Content/Controls/ControlRig_RoundedSquare_1mm.uasset" 528
"../../../Engine/Plugins/Animation/ControlRig/Content/Controls/ControlRig_RoundedSquare_1mm.uexp" 529
"../../../Engine/Plugins/Animation/ControlRig/Content/Controls/ControlRig_QuarterCircle_solid.ubulk" 530
"../../../Engine/Plugins/Animation/ControlRig/Content/Controls/ControlRig_QuarterCircle_solid.uasset" 531
"../../../Engine/Plugins/Animation/ControlRig/Content/Controls/ControlRig_QuarterCircle_solid.uexp" 532
"../../../Engine/Plugins/Animation/ControlRig/Content/Controls/ControlRig_QuarterCircle_3mm.ubulk" 533
"../../../Engine/Plugins/Animation/ControlRig/Content/Controls/ControlRig_QuarterCircle_3mm.uasset" 534
"../../../Engine/Plugins/Animation/ControlRig/Content/Controls/ControlRig_QuarterCircle_3mm.uexp" 535
"../../../Engine/Plugins/Animation/ControlRig/Content/Controls/ControlRig_QuarterCircle_1mm.ubulk" 536
"../../../Engine/Plugins/Animation/ControlRig/Content/Controls/ControlRig_QuarterCircle_1mm.uasset" 537
"../../../Engine/Plugins/Animation/ControlRig/Content/Controls/ControlRig_QuarterCircle_1mm.uexp" 538
"../../../Engine/Plugins/Animation/ControlRig/Content/Controls/ControlRig_Pyramid_solid.ubulk" 539
"../../../Engine/Plugins/Animation/ControlRig/Content/Controls/ControlRig_Pyramid_solid.uasset" 540
"../../../Engine/Plugins/Animation/ControlRig/Content/Controls/ControlRig_Pyramid_solid.uexp" 541
"../../../Engine/Plugins/Animation/ControlRig/Content/Controls/ControlRig_Pyramid_3mm.ubulk" 542
"../../../Engine/Plugins/Animation/ControlRig/Content/Controls/ControlRig_Pyramid_3mm.uasset" 543
"../../../Engine/Plugins/Animation/ControlRig/Content/Controls/ControlRig_Pyramid_3mm.uexp" 544
"../../../Engine/Plugins/Animation/ControlRig/Content/Controls/ControlRig_Pyramid_1mm.ubulk" 545
"../../../Engine/Plugins/Animation/ControlRig/Content/Controls/ControlRig_Pyramid_1mm.uasset" 546
"../../../Engine/Plugins/Animation/ControlRig/Content/Controls/ControlRig_Pyramid_1mm.uexp" 547
"../../../Engine/Plugins/Animation/ControlRig/Content/Controls/ControlRig_Octagon_solid.ubulk" 548
"../../../Engine/Plugins/Animation/ControlRig/Content/Controls/ControlRig_Octagon_solid.uasset" 549
"../../../Engine/Plugins/Animation/ControlRig/Content/Controls/ControlRig_Octagon_solid.uexp" 550
"../../../Engine/Plugins/Animation/ControlRig/Content/Controls/ControlRig_Octagon_3mm.ubulk" 551
"../../../Engine/Plugins/Animation/ControlRig/Content/Controls/ControlRig_Octagon_3mm.uasset" 552
"../../../Engine/Plugins/Animation/ControlRig/Content/Controls/ControlRig_Octagon_3mm.uexp" 553
"../../../Engine/Plugins/Animation/ControlRig/Content/Controls/ControlRig_Octagon_1mm.ubulk" 554
"../../../Engine/Plugins/Animation/ControlRig/Content/Controls/ControlRig_Octagon_1mm.uasset" 555
"../../../Engine/Plugins/Animation/ControlRig/Content/Controls/ControlRig_Octagon_1mm.uexp" 556
"../../../Engine/Plugins/Animation/ControlRig/Content/Controls/ControlRig_Hexagon_solid.ubulk" 557
"../../../Engine/Plugins/Animation/ControlRig/Content/Controls/ControlRig_Hexagon_solid.uasset" 558
"../../../Engine/Plugins/Animation/ControlRig/Content/Controls/ControlRig_Hexagon_solid.uexp" 559
"../../../Engine/Plugins/Animation/ControlRig/Content/Controls/ControlRig_Hexagon_3mm.ubulk" 560
"../../../Engine/Plugins/Animation/ControlRig/Content/Controls/ControlRig_Hexagon_3mm.uasset" 561
"../../../Engine/Plugins/Animation/ControlRig/Content/Controls/ControlRig_Hexagon_3mm.uexp" 562
"../../../Engine/Plugins/Animation/ControlRig/Content/Controls/ControlRig_Hexagon_1mm.ubulk" 563
"../../../Engine/Plugins/Animation/ControlRig/Content/Controls/ControlRig_Hexagon_1mm.uasset" 564
"../../../Engine/Plugins/Animation/ControlRig/Content/Controls/ControlRig_Hexagon_1mm.uexp" 565
"../../../Engine/Plugins/Animation/ControlRig/Content/Controls/ControlRig_HalfCircle_solid.ubulk" 566
"../../../Engine/Plugins/Animation/ControlRig/Content/Controls/ControlRig_HalfCircle_solid.uasset" 567
"../../../Engine/Plugins/Animation/ControlRig/Content/Controls/ControlRig_HalfCircle_solid.uexp" 568
"../../../Engine/Plugins/Animation/ControlRig/Content/Controls/ControlRig_HalfCircle_3mm.ubulk" 569
"../../../Engine/Plugins/Animation/ControlRig/Content/Controls/ControlRig_HalfCircle_3mm.uasset" 570
"../../../Engine/Plugins/Animation/ControlRig/Content/Controls/ControlRig_HalfCircle_3mm.uexp" 571
"../../../Engine/Plugins/Animation/ControlRig/Content/Controls/ControlRig_HalfCircle_1mm.ubulk" 572
"../../../Engine/Plugins/Animation/ControlRig/Content/Controls/ControlRig_HalfCircle_1mm.uasset" 573
"../../../Engine/Plugins/Animation/ControlRig/Content/Controls/ControlRig_HalfCircle_1mm.uexp" 574
"../../../Engine/Plugins/Animation/ControlRig/Content/Controls/ControlRig_Diamond_solid.ubulk" 575
"../../../Engine/Plugins/Animation/ControlRig/Content/Controls/ControlRig_Diamond_solid.uasset" 576
"../../../Engine/Plugins/Animation/ControlRig/Content/Controls/ControlRig_Diamond_solid.uexp" 577
"../../../Engine/Plugins/Animation/ControlRig/Content/Controls/ControlRig_Diamond_3mm.ubulk" 578
"../../../Engine/Plugins/Animation/ControlRig/Content/Controls/ControlRig_Diamond_3mm.uasset" 579
"../../../Engine/Plugins/Animation/ControlRig/Content/Controls/ControlRig_Diamond_3mm.uexp" 580
"../../../Engine/Plugins/Animation/ControlRig/Content/Controls/ControlRig_Diamond_1mm.ubulk" 581
"../../../Engine/Plugins/Animation/ControlRig/Content/Controls/ControlRig_Diamond_1mm.uasset" 582
"../../../Engine/Plugins/Animation/ControlRig/Content/Controls/ControlRig_Diamond_1mm.uexp" 583
"../../../Engine/Plugins/Animation/ControlRig/Content/Controls/ControlRig_Circle_solid.ubulk" 584
"../../../Engine/Plugins/Animation/ControlRig/Content/Controls/ControlRig_Circle_solid.uasset" 585
"../../../Engine/Plugins/Animation/ControlRig/Content/Controls/ControlRig_Circle_solid.uexp" 586
"../../../Engine/Plugins/Animation/ControlRig/Content/Controls/ControlRig_Circle_3mm.ubulk" 587
"../../../Engine/Plugins/Animation/ControlRig/Content/Controls/ControlRig_Circle_3mm.uasset" 588
"../../../Engine/Plugins/Animation/ControlRig/Content/Controls/ControlRig_Circle_3mm.uexp" 589
"../../../Engine/Plugins/Animation/ControlRig/Content/Controls/ControlRig_Circle_1mm.ubulk" 590
"../../../Engine/Plugins/Animation/ControlRig/Content/Controls/ControlRig_Circle_1mm.uasset" 591
"../../../Engine/Plugins/Animation/ControlRig/Content/Controls/ControlRig_Circle_1mm.uexp" 592
"../../../Engine/Plugins/Animation/ControlRig/Content/Controls/ControlRig_Box_solid.ubulk" 593
"../../../Engine/Plugins/Animation/ControlRig/Content/Controls/ControlRig_Box_solid.uasset" 594
"../../../Engine/Plugins/Animation/ControlRig/Content/Controls/ControlRig_Box_solid.uexp" 595
"../../../Engine/Plugins/Animation/ControlRig/Content/Controls/ControlRig_Box_3mm.ubulk" 596
"../../../Engine/Plugins/Animation/ControlRig/Content/Controls/ControlRig_Box_3mm.uasset" 597
"../../../Engine/Plugins/Animation/ControlRig/Content/Controls/ControlRig_Box_3mm.uexp" 598
"../../../Engine/Plugins/Animation/ControlRig/Content/Controls/ControlRig_Box_1mm.ubulk" 599
"../../../Engine/Plugins/Animation/ControlRig/Content/Controls/ControlRig_Box_1mm.uasset" 600
"../../../Engine/Plugins/Animation/ControlRig/Content/Controls/ControlRig_Box_1mm.uexp" 601
"../../../Engine/Plugins/Animation/ControlRig/Content/Controls/ControlRig_Arrow_solid.ubulk" 602
"../../../Engine/Plugins/Animation/ControlRig/Content/Controls/ControlRig_Arrow_solid.uasset" 603
"../../../Engine/Plugins/Animation/ControlRig/Content/Controls/ControlRig_Arrow_solid.uexp" 604
"../../../Engine/Plugins/Animation/ControlRig/Content/Controls/ControlRig_Arrow_3mm.ubulk" 605
"../../../Engine/Plugins/Animation/ControlRig/Content/Controls/ControlRig_Arrow_3mm.uasset" 606
"../../../Engine/Plugins/Animation/ControlRig/Content/Controls/ControlRig_Arrow_3mm.uexp" 607
"../../../Engine/Plugins/Animation/ControlRig/Content/Controls/ControlRig_Arrow_1mm.ubulk" 608
"../../../Engine/Plugins/Animation/ControlRig/Content/Controls/ControlRig_Arrow_1mm.uasset" 609
"../../../Engine/Plugins/Animation/ControlRig/Content/Controls/ControlRig_Arrow_1mm.uexp" 610
"../../../Engine/Plugins/Animation/ControlRig/Content/Controls/ControlRig_Arrow4_solid.ubulk" 611
"../../../Engine/Plugins/Animation/ControlRig/Content/Controls/ControlRig_Arrow4_solid.uasset" 612
"../../../Engine/Plugins/Animation/ControlRig/Content/Controls/ControlRig_Arrow4_solid.uexp" 613
"../../../Engine/Plugins/Animation/ControlRig/Content/Controls/ControlRig_Arrow4_3mm.ubulk" 614
"../../../Engine/Plugins/Animation/ControlRig/Content/Controls/ControlRig_Arrow4_3mm.uasset" 615
"../../../Engine/Plugins/Animation/ControlRig/Content/Controls/ControlRig_Arrow4_3mm.uexp" 616
"../../../Engine/Plugins/Animation/ControlRig/Content/Controls/ControlRig_Arrow4_1mm.ubulk" 617
"../../../Engine/Plugins/Animation/ControlRig/Content/Controls/ControlRig_Arrow4_1mm.uasset" 618
"../../../Engine/Plugins/Animation/ControlRig/Content/Controls/ControlRig_Arrow4_1mm.uexp" 619
"../../../Engine/Plugins/Animation/ControlRig/Content/Controls/ControlRig_Arrow2_solid.ubulk" 620
"../../../Engine/Plugins/Animation/ControlRig/Content/Controls/ControlRig_Arrow2_solid.uasset" 621
"../../../Engine/Plugins/Animation/ControlRig/Content/Controls/ControlRig_Arrow2_solid.uexp" 622
"../../../Engine/Plugins/Animation/ControlRig/Content/Controls/ControlRig_Arrow2_3mm.ubulk" 623
"../../../Engine/Plugins/Animation/ControlRig/Content/Controls/ControlRig_Arrow2_3mm.uasset" 624
"../../../Engine/Plugins/Animation/ControlRig/Content/Controls/ControlRig_Arrow2_3mm.uexp" 625
"../../../Engine/Plugins/Animation/ControlRig/Content/Controls/ControlRig_Arrow2_1mm.ubulk" 626
"../../../Engine/Plugins/Animation/ControlRig/Content/Controls/ControlRig_Arrow2_1mm.uasset" 627
"../../../Engine/Plugins/Animation/ControlRig/Content/Controls/ControlRig_Arrow2_1mm.uexp" 628
"../../../Engine/Plugins/Animation/ControlRig/Content/Controls/ControlRigXRayMaterial.uasset" 629
"../../../Engine/Plugins/Animation/ControlRig/Content/Controls/ControlRigXRayMaterial.uexp" 630
"../../../Engine/Plugins/Animation/ControlRig/Content/Controls/ControlRigGizmoMaterial.uasset" 631
"../../../Engine/Plugins/Animation/ControlRig/Content/Controls/ControlRigGizmoMaterial.uexp" 632
"../../../Engine/Content/EditorMaterials/Camera/CineMat.uasset" 633
"../../../Engine/Content/EditorMaterials/Camera/CineMat.uexp" 634
"../../../Engine/Content/EditorMaterials/Camera/MI_CineMat_Rig.uasset" 635
"../../../Engine/Content/EditorMaterials/Camera/MI_CineMat_Rig.uexp" 636
"../../../Engine/Content/EditorMeshes/Camera/SM_RailRig_Track.ubulk" 637
"../../../Engine/Content/EditorMeshes/Camera/SM_RailRig_Track.uasset" 638
"../../../Engine/Content/EditorMeshes/Camera/SM_RailRig_Track.uexp" 639
"../../../Engine/Content/EditorMeshes/Camera/SM_RailRig_Mount.ubulk" 640
"../../../Engine/Content/EditorMeshes/Camera/SM_RailRig_Mount.uasset" 641
"../../../Engine/Content/EditorMeshes/Camera/SM_RailRig_Mount.uexp" 642
"../../../Engine/Content/EditorMeshes/Camera/SM_CraneRig_Mount.ubulk" 643
"../../../Engine/Content/EditorMeshes/Camera/SM_CraneRig_Mount.uasset" 644
"../../../Engine/Content/EditorMeshes/Camera/SM_CraneRig_Mount.uexp" 645
"../../../Engine/Content/EditorMeshes/Camera/SM_CraneRig_Body.ubulk" 646
"../../../Engine/Content/EditorMeshes/Camera/SM_CraneRig_Body.uasset" 647
"../../../Engine/Content/EditorMeshes/Camera/SM_CraneRig_Body.uexp" 648
"../../../Engine/Content/EditorMeshes/Camera/SM_CraneRig_Base.ubulk" 649
"../../../Engine/Content/EditorMeshes/Camera/SM_CraneRig_Base.uasset" 650
"../../../Engine/Content/EditorMeshes/Camera/SM_CraneRig_Base.uexp" 651
"../../../Engine/Content/EditorMeshes/Camera/SM_CraneRig_Arm.ubulk" 652
"../../../Engine/Content/EditorMeshes/Camera/SM_CraneRig_Arm.uasset" 653
"../../../Engine/Content/EditorMeshes/Camera/SM_CraneRig_Arm.uexp" 654
"../../../Engine/Content/EditorMaterials/ParticleSystems/PSysThumbnail_OOD.ubulk" 655
"../../../Engine/Content/EditorMaterials/ParticleSystems/PSysThumbnail_OOD.uasset" 656
"../../../Engine/Content/EditorMaterials/ParticleSystems/PSysThumbnail_OOD.uexp" 657
"../../../Engine/Content/EditorMaterials/ParticleSystems/PSysThumbnail_NoImage.ubulk" 658
"../../../Engine/Content/EditorMaterials/ParticleSystems/PSysThumbnail_NoImage.uasset" 659
"../../../Engine/Content/EditorMaterials/ParticleSystems/PSysThumbnail_NoImage.uexp" 660
"../../../Engine/Content/EditorMaterials/Dataflow/DataflowVertexMaterial.uasset" 661
"../../../Engine/Content/EditorMaterials/Dataflow/DataflowVertexMaterial.uexp" 662
"../../../Engine/Content/EditorMaterials/Dataflow/DataflowTwoSidedVertexMaterial.uasset" 663
"../../../Engine/Content/EditorMaterials/Dataflow/DataflowTwoSidedVertexMaterial.uexp" 664
"../../../Engine/Content/EngineMaterials/BlendFunc_DefBlend.uasset" 665
"../../../Engine/Content/EngineMaterials/BlendFunc_DefBlend.uexp" 666
"../../../Engine/Content/EngineMaterials/BlendFunc_DefBase.uasset" 667
"../../../Engine/Content/EngineMaterials/BlendFunc_DefBase.uexp" 668
"../../../Engine/Content/Functions/Engine_MaterialFunctions03/Blends/Blend_Overlay.uasset" 669
"../../../Engine/Content/Functions/Engine_MaterialFunctions03/Blends/Blend_Overlay.uexp" 670
"../../../Engine/Content/Functions/Engine_MaterialFunctions01/Gradient/LinearGradient.uasset" 671
"../../../Engine/Content/Functions/Engine_MaterialFunctions01/Gradient/LinearGradient.uexp" 672
"../../../Engine/Content/OpenWorldTemplate/LandscapeMaterial/T_GridChecker_A.ubulk" 673
"../../../Engine/Content/OpenWorldTemplate/LandscapeMaterial/T_GridChecker_A.uasset" 674
"../../../Engine/Content/OpenWorldTemplate/LandscapeMaterial/T_GridChecker_A.uexp" 675
"../../../Engine/Content/Functions/Engine_MaterialFunctions01/ImageAdjustment/CheapContrast.uasset" 676
"../../../Engine/Content/Functions/Engine_MaterialFunctions01/ImageAdjustment/CheapContrast.uexp" 677
"../../../Engine/Content/OpenWorldTemplate/LandscapeMaterial/MF_ProcGrid.uasset" 678
"../../../Engine/Content/OpenWorldTemplate/LandscapeMaterial/MF_ProcGrid.uexp" 679
"../../../Engine/Content/OpenWorldTemplate/LandscapeMaterial/M_ProcGrid.uasset" 680
"../../../Engine/Content/OpenWorldTemplate/LandscapeMaterial/M_ProcGrid.uexp" 681
"../../../Engine/Content/EngineSky/VolumetricClouds/VT_PerlinWorley_Balanced.uasset" 682
"../../../Engine/Content/EngineSky/VolumetricClouds/VT_PerlinWorley_Balanced.uexp" 683
"../../../Engine/Content/EngineSky/VolumetricClouds/T_Profile_08.ubulk" 684
"../../../Engine/Content/EngineSky/VolumetricClouds/T_Profile_08.uasset" 685
"../../../Engine/Content/EngineSky/VolumetricClouds/T_Profile_08.uexp" 686
"../../../Engine/Content/EngineSky/VolumetricClouds/T_CloudPattern.ubulk" 687
"../../../Engine/Content/EngineSky/VolumetricClouds/T_CloudPattern.uasset" 688
"../../../Engine/Content/EngineSky/VolumetricClouds/T_CloudPattern.uexp" 689
"../../../Engine/Content/EngineSky/VolumetricClouds/T_CloudMask.ubulk" 690
"../../../Engine/Content/EngineSky/VolumetricClouds/T_CloudMask.uasset" 691
"../../../Engine/Content/EngineSky/VolumetricClouds/T_CloudMask.uexp" 692
"../../../Engine/Content/Functions/Engine_MaterialFunctions02/Utility/BreakOutFloat4Components.uasset" 693
"../../../Engine/Content/Functions/Engine_MaterialFunctions02/Utility/BreakOutFloat4Components.uexp" 694
"../../../Engine/Content/Functions/Engine_MaterialFunctions02/Utility/MakeFloat4.uasset" 695
"../../../Engine/Content/Functions/Engine_MaterialFunctions02/Utility/MakeFloat4.uexp" 696
"../../../Engine/Content/EngineResources/DefaultVolumeTexture2D.uasset" 697
"../../../Engine/Content/EngineResources/DefaultVolumeTexture2D.uexp" 698
"../../../Engine/Content/EngineResources/DefaultVolumeTexture.uasset" 699
"../../../Engine/Content/EngineResources/DefaultVolumeTexture.uexp" 700
"../../../Engine/Content/EngineSky/VolumetricClouds/VT_Lightning.uasset" 701
"../../../Engine/Content/EngineSky/VolumetricClouds/VT_Lightning.uexp" 702
"../../../Engine/Content/Functions/Engine_MaterialFunctions01/Units/Km-to-Cm.uasset" 703
"../../../Engine/Content/Functions/Engine_MaterialFunctions01/Units/Km-to-Cm.uexp" 704
"../../../Engine/Content/EngineSky/VolumetricClouds/m_SimpleVolumetricCloud.uasset" 705
"../../../Engine/Content/EngineSky/VolumetricClouds/m_SimpleVolumetricCloud.uexp" 706
"../../../Engine/Content/EngineSky/VolumetricClouds/m_SimpleVolumetricCloud_Inst.uasset" 707
"../../../Engine/Content/EngineSky/VolumetricClouds/m_SimpleVolumetricCloud_Inst.uexp" 708
"../../../Engine/Content/EngineResources/FilmGrains/Marcie_Grain_v3_128_M2_000.uasset" 709
"../../../Engine/Content/EngineResources/FilmGrains/Marcie_Grain_v3_128_M2_000.uexp" 710
"../../../Engine/Content/EngineResources/Development/ZenLogo_64.uasset" 711
"../../../Engine/Content/EngineResources/Development/ZenLogo_64.uexp" 712
"../../../Engine/Content/EngineMaterials/LTC/Sheen_LTC.uasset" 713
"../../../Engine/Content/EngineMaterials/LTC/Sheen_LTC.uexp" 714
"../../../Engine/Content/EngineMaterials/LTC/GGX_LTCMat.uasset" 715
"../../../Engine/Content/EngineMaterials/LTC/GGX_LTCMat.uexp" 716
"../../../Engine/Content/EngineMaterials/LTC/GGX_LTCAmp.uasset" 717
"../../../Engine/Content/EngineMaterials/LTC/GGX_LTCAmp.uexp" 718
"../../../Engine/Content/EngineMaterials/EnergyConservation/Sheen_Energy.uasset" 719
"../../../Engine/Content/EngineMaterials/EnergyConservation/Sheen_Energy.uexp" 720
"../../../Engine/Content/EngineMaterials/EnergyConservation/SheenLegacy_Energy.uasset" 721
"../../../Engine/Content/EngineMaterials/EnergyConservation/SheenLegacy_Energy.uexp" 722
"../../../Engine/Content/EngineMaterials/EnergyConservation/GGX_TransmissionEnergyArray.uasset" 723
"../../../Engine/Content/EngineMaterials/EnergyConservation/GGX_TransmissionEnergyArray.uexp" 724
"../../../Engine/Content/EngineMaterials/EnergyConservation/GGX_ReflectionEnergy.uasset" 725
"../../../Engine/Content/EngineMaterials/EnergyConservation/GGX_ReflectionEnergy.uexp" 726
"../../../Engine/Content/EngineMaterials/EnergyConservation/Diffuse_Energy.uasset" 727
"../../../Engine/Content/EngineMaterials/EnergyConservation/Diffuse_Energy.uexp" 728
"../../../Engine/Content/EditorResources/SequenceRecorder/RecordingIndicator.uasset" 729
"../../../Engine/Content/EditorResources/SequenceRecorder/RecordingIndicator.uexp" 730
"../../../Engine/Content/EditorResources/SequenceRecorder/Countdown.uasset" 731
"../../../Engine/Content/EditorResources/SequenceRecorder/Countdown.uexp" 732
"../../../Engine/Plugins/Interchange/Assets/Content/gltf/Textures/T_White_srgb.uasset" 733
"../../../Engine/Plugins/Interchange/Assets/Content/gltf/Textures/T_White_srgb.uexp" 734
"../../../Engine/Plugins/Interchange/Assets/Content/gltf/MaterialFunctions/MF_BaseColor.uasset" 735
"../../../Engine/Plugins/Interchange/Assets/Content/gltf/MaterialFunctions/MF_BaseColor.uexp" 736
"../../../Engine/Plugins/Interchange/Assets/Content/gltf/MaterialFunctions/MF_RotateV2.uasset" 737
"../../../Engine/Plugins/Interchange/Assets/Content/gltf/MaterialFunctions/MF_RotateV2.uexp" 738
"../../../Engine/Plugins/Interchange/Assets/Content/gltf/MaterialFunctions/MF_TransformUVs.uasset" 739
"../../../Engine/Plugins/Interchange/Assets/Content/gltf/MaterialFunctions/MF_TransformUVs.uexp" 740
"../../../Engine/Plugins/Interchange/Assets/Content/gltf/MaterialBodies/MF_Unlit_Body.uasset" 741
"../../../Engine/Plugins/Interchange/Assets/Content/gltf/MaterialBodies/MF_Unlit_Body.uexp" 742
"../../../Engine/Plugins/Interchange/Assets/Content/gltf/M_Unlit.uasset" 743
"../../../Engine/Plugins/Interchange/Assets/Content/gltf/M_Unlit.uexp" 744
"../../../Engine/Plugins/Interchange/Assets/Content/gltf/MaterialInstances/MI_Unlit_Opaque_DS.uasset" 745
"../../../Engine/Plugins/Interchange/Assets/Content/gltf/MaterialInstances/MI_Unlit_Opaque_DS.uexp" 746
"../../../Engine/Plugins/Interchange/Assets/Content/gltf/MaterialInstances/MI_Unlit_Opaque.uasset" 747
"../../../Engine/Plugins/Interchange/Assets/Content/gltf/MaterialInstances/MI_Unlit_Opaque.uexp" 748
"../../../Engine/Plugins/Interchange/Assets/Content/gltf/MaterialInstances/MI_Unlit_Mask_DS.uasset" 749
"../../../Engine/Plugins/Interchange/Assets/Content/gltf/MaterialInstances/MI_Unlit_Mask_DS.uexp" 750
"../../../Engine/Plugins/Interchange/Assets/Content/gltf/MaterialInstances/MI_Unlit_Mask.uasset" 751
"../../../Engine/Plugins/Interchange/Assets/Content/gltf/MaterialInstances/MI_Unlit_Mask.uexp" 752
"../../../Engine/Plugins/Interchange/Assets/Content/gltf/MaterialInstances/MI_Unlit_Blend_DS.uasset" 753
"../../../Engine/Plugins/Interchange/Assets/Content/gltf/MaterialInstances/MI_Unlit_Blend_DS.uexp" 754
"../../../Engine/Plugins/Interchange/Assets/Content/gltf/MaterialInstances/MI_Unlit_Blend.uasset" 755
"../../../Engine/Plugins/Interchange/Assets/Content/gltf/MaterialInstances/MI_Unlit_Blend.uexp" 756
"../../../Engine/Content/EngineMaterials/Good64x64TilingNoiseHighFreq.uasset" 757
"../../../Engine/Content/EngineMaterials/Good64x64TilingNoiseHighFreq.uexp" 758
"../../../Engine/Content/Functions/Engine_MaterialFunctions02/Texturing/ScreenAlignedPixelToPixelUVs.uasset" 759
"../../../Engine/Content/Functions/Engine_MaterialFunctions02/Texturing/ScreenAlignedPixelToPixelUVs.uexp" 760
"../../../Engine/Plugins/Interchange/Assets/Content/Utilities/New_LUT.uasset" 761
"../../../Engine/Plugins/Interchange/Assets/Content/Utilities/New_LUT.uexp" 762
"../../../Engine/Content/Functions/Engine_MaterialFunctions03/Math/RemapValueRange.uasset" 763
"../../../Engine/Content/Functions/Engine_MaterialFunctions03/Math/RemapValueRange.uexp" 764
"../../../Engine/Plugins/Interchange/Assets/Content/Functions/MF_Iridescence.uasset" 765
"../../../Engine/Plugins/Interchange/Assets/Content/Functions/MF_Iridescence.uexp" 766
"../../../Engine/Plugins/Interchange/Assets/Content/gltf/MaterialFunctions/MF_Fresnel_DS.uasset" 767
"../../../Engine/Plugins/Interchange/Assets/Content/gltf/MaterialFunctions/MF_Fresnel_DS.uexp" 768
"../../../Engine/Plugins/Interchange/Assets/Content/gltf/MaterialFunctions/MF_IOR.uasset" 769
"../../../Engine/Plugins/Interchange/Assets/Content/gltf/MaterialFunctions/MF_IOR.uexp" 770
"../../../Engine/Plugins/Interchange/Assets/Content/gltf/MaterialFunctions/MF_Iridescence.uasset" 771
"../../../Engine/Plugins/Interchange/Assets/Content/gltf/MaterialFunctions/MF_Iridescence.uexp" 772
"../../../Engine/Plugins/Interchange/Assets/Content/gltf/Textures/T_White_Linear.uasset" 773
"../../../Engine/Plugins/Interchange/Assets/Content/gltf/Textures/T_White_Linear.uexp" 774
"../../../Engine/Plugins/Interchange/Assets/Content/gltf/MaterialFunctions/MF_MetallicRoughness.uasset" 775
"../../../Engine/Plugins/Interchange/Assets/Content/gltf/MaterialFunctions/MF_MetallicRoughness.uexp" 776
"../../../Engine/Content/Functions/Engine_MaterialFunctions02/Math/Transform3x3Matrix.uasset" 777
"../../../Engine/Content/Functions/Engine_MaterialFunctions02/Math/Transform3x3Matrix.uexp" 778
"../../../Engine/Plugins/Interchange/Assets/Content/gltf/MaterialFunctions/MF_RotateNormals_TS.uasset" 779
"../../../Engine/Plugins/Interchange/Assets/Content/gltf/MaterialFunctions/MF_RotateNormals_TS.uexp" 780
"../../../Engine/Plugins/Interchange/Assets/Content/gltf/MaterialFunctions/MF_ScaleNormal.uasset" 781
"../../../Engine/Plugins/Interchange/Assets/Content/gltf/MaterialFunctions/MF_ScaleNormal.uexp" 782
"../../../Engine/Plugins/Interchange/Assets/Content/gltf/Textures/T_Generic_N.uasset" 783
"../../../Engine/Plugins/Interchange/Assets/Content/gltf/Textures/T_Generic_N.uexp" 784
"../../../Engine/Plugins/Interchange/Assets/Content/gltf/MaterialFunctions/MF_Normals.uasset" 785
"../../../Engine/Plugins/Interchange/Assets/Content/gltf/MaterialFunctions/MF_Normals.uexp" 786
"../../../Engine/Plugins/Interchange/Assets/Content/gltf/MaterialFunctions/MF_Occlusion.uasset" 787
"../../../Engine/Plugins/Interchange/Assets/Content/gltf/MaterialFunctions/MF_Occlusion.uexp" 788
"../../../Engine/Plugins/Interchange/Assets/Content/gltf/MaterialFunctions/MF_Specular.uasset" 789
"../../../Engine/Plugins/Interchange/Assets/Content/gltf/MaterialFunctions/MF_Specular.uexp" 790
"../../../Engine/Plugins/Interchange/Assets/Content/gltf/Textures/T_Anisotropy_Direction_Linear.uasset" 791
"../../../Engine/Plugins/Interchange/Assets/Content/gltf/Textures/T_Anisotropy_Direction_Linear.uexp" 792
"../../../Engine/Plugins/Interchange/Assets/Content/gltf/MaterialFunctions/MF_SpecularAnisotropy.uasset" 793
"../../../Engine/Plugins/Interchange/Assets/Content/gltf/MaterialFunctions/MF_SpecularAnisotropy.uexp" 794
"../../../Engine/Plugins/Interchange/Assets/Content/gltf/MaterialFunctions/MF_Temporal_Blur.uasset" 795
"../../../Engine/Plugins/Interchange/Assets/Content/gltf/MaterialFunctions/MF_Temporal_Blur.uexp" 796
"../../../Engine/Plugins/Interchange/Assets/Content/gltf/MaterialFunctions/MF_Transmission.uasset" 797
"../../../Engine/Plugins/Interchange/Assets/Content/gltf/MaterialFunctions/MF_Transmission.uexp" 798
"../../../Engine/Plugins/Interchange/Assets/Content/gltf/MaterialBodies/MF_Transmission_Body.uasset" 799
"../../../Engine/Plugins/Interchange/Assets/Content/gltf/MaterialBodies/MF_Transmission_Body.uexp" 800
"../../../Engine/Plugins/Interchange/Assets/Content/gltf/M_Transmission.uasset" 801
"../../../Engine/Plugins/Interchange/Assets/Content/gltf/M_Transmission.uexp" 802
"../../../Engine/Plugins/Interchange/Assets/Content/gltf/MaterialInstances/MI_Transmission_DS.uasset" 803
"../../../Engine/Plugins/Interchange/Assets/Content/gltf/MaterialInstances/MI_Transmission_DS.uexp" 804
"../../../Engine/Plugins/Interchange/Assets/Content/gltf/MaterialInstances/MI_Transmission.uasset" 805
"../../../Engine/Plugins/Interchange/Assets/Content/gltf/MaterialInstances/MI_Transmission.uexp" 806
"../../../Engine/Content/Functions/Engine_MaterialFunctions02/Math/AddComponents.uasset" 807
"../../../Engine/Content/Functions/Engine_MaterialFunctions02/Math/AddComponents.uexp" 808
"../../../Engine/Plugins/Interchange/Assets/Content/gltf/MaterialFunctions/MF_DiffuseSpecGloss.uasset" 809
"../../../Engine/Plugins/Interchange/Assets/Content/gltf/MaterialFunctions/MF_DiffuseSpecGloss.uexp" 810
"../../../Engine/Plugins/Interchange/Assets/Content/gltf/MaterialFunctions/MF_Emissive.uasset" 811
"../../../Engine/Plugins/Interchange/Assets/Content/gltf/MaterialFunctions/MF_Emissive.uexp" 812
"../../../Engine/Plugins/Interchange/Assets/Content/gltf/MaterialFunctions/MF_MaxComponentValue.uasset" 813
"../../../Engine/Plugins/Interchange/Assets/Content/gltf/MaterialFunctions/MF_MaxComponentValue.uexp" 814
"../../../Engine/Plugins/Interchange/Assets/Content/gltf/MaterialFunctions/MF_PerceivedBrightness.uasset" 815
"../../../Engine/Plugins/Interchange/Assets/Content/gltf/MaterialFunctions/MF_PerceivedBrightness.uexp" 816
"../../../Engine/Plugins/Interchange/Assets/Content/gltf/MaterialFunctions/MF_SpecGlossToMetalRoughness.uasset" 817
"../../../Engine/Plugins/Interchange/Assets/Content/gltf/MaterialFunctions/MF_SpecGlossToMetalRoughness.uexp" 818
"../../../Engine/Plugins/Interchange/Assets/Content/gltf/MaterialBodies/MF_SpecularGlossiness_Body.uasset" 819
"../../../Engine/Plugins/Interchange/Assets/Content/gltf/MaterialBodies/MF_SpecularGlossiness_Body.uexp" 820
"../../../Engine/Plugins/Interchange/Assets/Content/gltf/M_SpecularGlossiness.uasset" 821
"../../../Engine/Plugins/Interchange/Assets/Content/gltf/M_SpecularGlossiness.uexp" 822
"../../../Engine/Plugins/Interchange/Assets/Content/gltf/MaterialInstances/MI_SpecularGlossiness_Opaque_DS.uasset" 823
"../../../Engine/Plugins/Interchange/Assets/Content/gltf/MaterialInstances/MI_SpecularGlossiness_Opaque_DS.uexp" 824
"../../../Engine/Plugins/Interchange/Assets/Content/gltf/MaterialInstances/MI_SpecularGlossiness_Opaque.uasset" 825
"../../../Engine/Plugins/Interchange/Assets/Content/gltf/MaterialInstances/MI_SpecularGlossiness_Opaque.uexp" 826
"../../../Engine/Plugins/Interchange/Assets/Content/gltf/MaterialInstances/MI_SpecularGlossiness_Mask_DS.uasset" 827
"../../../Engine/Plugins/Interchange/Assets/Content/gltf/MaterialInstances/MI_SpecularGlossiness_Mask_DS.uexp" 828
"../../../Engine/Plugins/Interchange/Assets/Content/gltf/MaterialInstances/MI_SpecularGlossiness_Mask.uasset" 829
"../../../Engine/Plugins/Interchange/Assets/Content/gltf/MaterialInstances/MI_SpecularGlossiness_Mask.uexp" 830
"../../../Engine/Plugins/Interchange/Assets/Content/gltf/MaterialInstances/MI_SpecularGlossiness_Blend_DS.uasset" 831
"../../../Engine/Plugins/Interchange/Assets/Content/gltf/MaterialInstances/MI_SpecularGlossiness_Blend_DS.uexp" 832
"../../../Engine/Plugins/Interchange/Assets/Content/gltf/MaterialInstances/MI_SpecularGlossiness_Blend.uasset" 833
"../../../Engine/Plugins/Interchange/Assets/Content/gltf/MaterialInstances/MI_SpecularGlossiness_Blend.uexp" 834
"../../../Engine/Plugins/Interchange/Assets/Content/gltf/MaterialFunctions/MF_Sheen.uasset" 835
"../../../Engine/Plugins/Interchange/Assets/Content/gltf/MaterialFunctions/MF_Sheen.uexp" 836
"../../../Engine/Plugins/Interchange/Assets/Content/gltf/MaterialBodies/MF_Sheen_Body.uasset" 837
"../../../Engine/Plugins/Interchange/Assets/Content/gltf/MaterialBodies/MF_Sheen_Body.uexp" 838
"../../../Engine/Plugins/Interchange/Assets/Content/gltf/M_Sheen.uasset" 839
"../../../Engine/Plugins/Interchange/Assets/Content/gltf/M_Sheen.uexp" 840
"../../../Engine/Plugins/Interchange/Assets/Content/gltf/MaterialInstances/MI_Sheen_Opaque_DS.uasset" 841
"../../../Engine/Plugins/Interchange/Assets/Content/gltf/MaterialInstances/MI_Sheen_Opaque_DS.uexp" 842
"../../../Engine/Plugins/Interchange/Assets/Content/gltf/MaterialInstances/MI_Sheen_Opaque.uasset" 843
"../../../Engine/Plugins/Interchange/Assets/Content/gltf/MaterialInstances/MI_Sheen_Opaque.uexp" 844
"../../../Engine/Plugins/Interchange/Assets/Content/gltf/MaterialInstances/MI_Sheen_Mask_DS.uasset" 845
"../../../Engine/Plugins/Interchange/Assets/Content/gltf/MaterialInstances/MI_Sheen_Mask_DS.uexp" 846
"../../../Engine/Plugins/Interchange/Assets/Content/gltf/MaterialInstances/MI_Sheen_Mask.uasset" 847
"../../../Engine/Plugins/Interchange/Assets/Content/gltf/MaterialInstances/MI_Sheen_Mask.uexp" 848
"../../../Engine/Plugins/Interchange/Assets/Content/gltf/MaterialInstances/MI_Sheen_Blend_DS.uasset" 849
"../../../Engine/Plugins/Interchange/Assets/Content/gltf/MaterialInstances/MI_Sheen_Blend_DS.uexp" 850
"../../../Engine/Plugins/Interchange/Assets/Content/gltf/MaterialInstances/MI_Sheen_Blend.uasset" 851
"../../../Engine/Plugins/Interchange/Assets/Content/gltf/MaterialInstances/MI_Sheen_Blend.uexp" 852
"../../../Engine/Plugins/Interchange/Assets/Content/gltf/MaterialBodies/MF_Default_Body.uasset" 853
"../../../Engine/Plugins/Interchange/Assets/Content/gltf/MaterialBodies/MF_Default_Body.uexp" 854
"../../../Engine/Plugins/Interchange/Assets/Content/gltf/M_Default.uasset" 855
"../../../Engine/Plugins/Interchange/Assets/Content/gltf/M_Default.uexp" 856
"../../../Engine/Plugins/Interchange/Assets/Content/gltf/MaterialInstances/MI_Default_Opaque_DS.uasset" 857
"../../../Engine/Plugins/Interchange/Assets/Content/gltf/MaterialInstances/MI_Default_Opaque_DS.uexp" 858
"../../../Engine/Plugins/Interchange/Assets/Content/gltf/MaterialInstances/MI_Default_Opaque.uasset" 859
"../../../Engine/Plugins/Interchange/Assets/Content/gltf/MaterialInstances/MI_Default_Opaque.uexp" 860
"../../../Engine/Plugins/Interchange/Assets/Content/gltf/MaterialInstances/MI_Default_Mask_DS.uasset" 861
"../../../Engine/Plugins/Interchange/Assets/Content/gltf/MaterialInstances/MI_Default_Mask_DS.uexp" 862
"../../../Engine/Plugins/Interchange/Assets/Content/gltf/MaterialInstances/MI_Default_Mask.uasset" 863
"../../../Engine/Plugins/Interchange/Assets/Content/gltf/MaterialInstances/MI_Default_Mask.uexp" 864
"../../../Engine/Plugins/Interchange/Assets/Content/gltf/MaterialInstances/MI_Default_Blend_DS.uasset" 865
"../../../Engine/Plugins/Interchange/Assets/Content/gltf/MaterialInstances/MI_Default_Blend_DS.uexp" 866
"../../../Engine/Plugins/Interchange/Assets/Content/gltf/MaterialInstances/MI_Default_Blend.uasset" 867
"../../../Engine/Plugins/Interchange/Assets/Content/gltf/MaterialInstances/MI_Default_Blend.uexp" 868
"../../../Engine/Content/Functions/Engine_MaterialFunctions01/Texturing/FlattenNormal.uasset" 869
"../../../Engine/Content/Functions/Engine_MaterialFunctions01/Texturing/FlattenNormal.uexp" 870
"../../../Engine/Plugins/Interchange/Assets/Content/gltf/MaterialFunctions/MF_Clearcoat.uasset" 871
"../../../Engine/Plugins/Interchange/Assets/Content/gltf/MaterialFunctions/MF_Clearcoat.uexp" 872
"../../../Engine/Plugins/Interchange/Assets/Content/gltf/MaterialBodies/MF_ClearCoat_Body.uasset" 873
"../../../Engine/Plugins/Interchange/Assets/Content/gltf/MaterialBodies/MF_ClearCoat_Body.uexp" 874
"../../../Engine/Plugins/Interchange/Assets/Content/gltf/M_ClearCoat.uasset" 875
"../../../Engine/Plugins/Interchange/Assets/Content/gltf/M_ClearCoat.uexp" 876
"../../../Engine/Plugins/Interchange/Assets/Content/gltf/MaterialInstances/MI_ClearCoat_Opaque_DS.uasset" 877
"../../../Engine/Plugins/Interchange/Assets/Content/gltf/MaterialInstances/MI_ClearCoat_Opaque_DS.uexp" 878
"../../../Engine/Plugins/Interchange/Assets/Content/gltf/MaterialInstances/MI_ClearCoat_Opaque.uasset" 879
"../../../Engine/Plugins/Interchange/Assets/Content/gltf/MaterialInstances/MI_ClearCoat_Opaque.uexp" 880
"../../../Engine/Plugins/Interchange/Assets/Content/gltf/MaterialInstances/MI_ClearCoat_Mask_DS.uasset" 881
"../../../Engine/Plugins/Interchange/Assets/Content/gltf/MaterialInstances/MI_ClearCoat_Mask_DS.uexp" 882
"../../../Engine/Plugins/Interchange/Assets/Content/gltf/MaterialInstances/MI_ClearCoat_Mask.uasset" 883
"../../../Engine/Plugins/Interchange/Assets/Content/gltf/MaterialInstances/MI_ClearCoat_Mask.uexp" 884
"../../../Engine/Plugins/Interchange/Assets/Content/gltf/MaterialInstances/MI_ClearCoat_Blend_DS.uasset" 885
"../../../Engine/Plugins/Interchange/Assets/Content/gltf/MaterialInstances/MI_ClearCoat_Blend_DS.uexp" 886
"../../../Engine/Plugins/Interchange/Assets/Content/gltf/MaterialInstances/MI_ClearCoat_Blend.uasset" 887
"../../../Engine/Plugins/Interchange/Assets/Content/gltf/MaterialInstances/MI_ClearCoat_Blend.uexp" 888
"../../../Engine/Content/VREditor/TransformGizmo/Xray.uasset" 889
"../../../Engine/Content/VREditor/TransformGizmo/Xray.uexp" 890
"../../../Engine/Content/VREditor/TransformGizmo/Main.uasset" 891
"../../../Engine/Content/VREditor/TransformGizmo/Main.uexp" 892
"../../../Engine/Content/VREditor/TransformGizmo/SM_Sequencer_Node.ubulk" 893
"../../../Engine/Content/VREditor/TransformGizmo/SM_Sequencer_Node.uasset" 894
"../../../Engine/Content/VREditor/TransformGizmo/SM_Sequencer_Node.uexp" 895
"../../../Engine/Content/VREditor/TransformGizmo/TranslucentTransformGizmoMaterial.uasset" 896
"../../../Engine/Content/VREditor/TransformGizmo/TranslucentTransformGizmoMaterial.uexp" 897
"../../../Engine/Content/VREditor/LaserPointer/VR_LaserPower_01.ubulk" 898
"../../../Engine/Content/VREditor/LaserPointer/VR_LaserPower_01.uasset" 899
"../../../Engine/Content/VREditor/LaserPointer/VR_LaserPower_01.uexp" 900
"../../../Engine/Content/VREditor/TransformGizmo/TransformGizmoMaterial.uasset" 901
"../../../Engine/Content/VREditor/TransformGizmo/TransformGizmoMaterial.uexp" 902
"../../../Engine/Content/VREditor/TransformGizmo/BoundingBoxEdge.ubulk" 903
"../../../Engine/Content/VREditor/TransformGizmo/BoundingBoxEdge.uasset" 904
"../../../Engine/Content/VREditor/TransformGizmo/BoundingBoxEdge.uexp" 905
"../../../Engine/Content/VREditor/TransformGizmo/BoundingBoxCorner.ubulk" 906
"../../../Engine/Content/VREditor/TransformGizmo/BoundingBoxCorner.uasset" 907
"../../../Engine/Content/VREditor/TransformGizmo/BoundingBoxCorner.uexp" 908
"../../../Engine/Content/ArtTools/RenderToTexture/Meshes/S_1_Unit_Plane.ubulk" 909
"../../../Engine/Content/ArtTools/RenderToTexture/Meshes/S_1_Unit_Plane.uasset" 910
"../../../Engine/Content/ArtTools/RenderToTexture/Meshes/S_1_Unit_Plane.uexp" 911
"../../../Engine/Content/EngineMaterials/Substrate/Volume/SubstrateSimpleVolumeLUT3D.uasset" 912
"../../../Engine/Content/EngineMaterials/Substrate/Volume/SubstrateSimpleVolumeLUT3D.uexp" 913
"../../../Engine/Content/EngineMaterials/Substrate/Volume/SubstrateSimpleVolumeEnvLUT3D.uasset" 914
"../../../Engine/Content/EngineMaterials/Substrate/Volume/SubstrateSimpleVolumeEnvLUT3D.uexp" 915
"../../../Engine/Content/EngineMaterials/Substrate/Glints2/AGlintTex2dArray2.uasset" 916
"../../../Engine/Content/EngineMaterials/Substrate/Glints2/AGlintTex2dArray2.uexp" 917
"../../../Engine/Content/EngineMaterials/Substrate/GLints/AGlintTex2dArray.uasset" 918
"../../../Engine/Content/EngineMaterials/Substrate/GLints/AGlintTex2dArray.uexp" 919
"../../../Engine/Content/Functions/Engine_MaterialFunctions01/Shading/PowerToRoughness.uasset" 920
"../../../Engine/Content/Functions/Engine_MaterialFunctions01/Shading/PowerToRoughness.uexp" 921
"../../../Engine/Content/Functions/Engine_MaterialFunctions01/Shading/ConvertFromDiffSpec.uasset" 922
"../../../Engine/Content/Functions/Engine_MaterialFunctions01/Shading/ConvertFromDiffSpec.uexp" 923
"../../../Engine/Content/VREditor/TransformGizmo/TranslucentTransformGizmoMaterial_Inst.uasset" 924
"../../../Engine/Content/VREditor/TransformGizmo/TranslucentTransformGizmoMaterial_Inst.uexp" 925
"../../../Engine/Content/VREditor/Sounds/UI/Drop_Item_From_ContentBrowser.ubulk" 926
"../../../Engine/Content/VREditor/Sounds/UI/Drop_Item_From_ContentBrowser.uasset" 927
"../../../Engine/Content/VREditor/Sounds/UI/Drop_Item_From_ContentBrowser.uexp" 928
"../../../Engine/Content/VREditor/TransformGizmo/TransformGizmoMaterial_Inst.uasset" 929
"../../../Engine/Content/VREditor/TransformGizmo/TransformGizmoMaterial_Inst.uexp" 930
"../../../Engine/Content/VREditor/TransformGizmo/UniformScaleHandle.ubulk" 931
"../../../Engine/Content/VREditor/TransformGizmo/UniformScaleHandle.uasset" 932
"../../../Engine/Content/VREditor/TransformGizmo/UniformScaleHandle.uexp" 933
"../../../Engine/Content/Functions/Engine_MaterialFunctions02/SplitComponents.uasset" 934
"../../../Engine/Content/Functions/Engine_MaterialFunctions02/SplitComponents.uexp" 935
"../../../Engine/Content/VREditor/SnapGrid/SnapGridMaterial.uasset" 936
"../../../Engine/Content/VREditor/SnapGrid/SnapGridMaterial.uexp" 937
"../../../Engine/Content/VREditor/SnapGrid/SnapGridPlaneMesh.ubulk" 938
"../../../Engine/Content/VREditor/SnapGrid/SnapGridPlaneMesh.uasset" 939
"../../../Engine/Content/VREditor/SnapGrid/SnapGridPlaneMesh.uexp" 940
"../../../Engine/Content/VREditor/Sounds/UI/Gizmo_Handle_Clicked.ubulk" 941
"../../../Engine/Content/VREditor/Sounds/UI/Gizmo_Handle_Clicked.uasset" 942
"../../../Engine/Content/VREditor/Sounds/UI/Gizmo_Handle_Clicked.uexp" 943
"../../../Engine/Content/VREditor/Sounds/UI/Object_PickUp.ubulk" 944
"../../../Engine/Content/VREditor/Sounds/UI/Object_PickUp.uasset" 945
"../../../Engine/Content/VREditor/Sounds/UI/Object_PickUp.uexp" 946
"../../../Engine/Content/VREditor/Sounds/UI/Object_Snaps_To_Another_Actor.ubulk" 947
"../../../Engine/Content/VREditor/Sounds/UI/Object_Snaps_To_Another_Actor.uasset" 948
"../../../Engine/Content/VREditor/Sounds/UI/Object_Snaps_To_Another_Actor.uexp" 949
"../../../Engine/Content/VREditor/Sounds/UI/Object_Snaps_To_Grid.ubulk" 950
"../../../Engine/Content/VREditor/Sounds/UI/Object_Snaps_To_Grid.uasset" 951
"../../../Engine/Content/VREditor/Sounds/UI/Object_Snaps_To_Grid.uexp" 952
"../../../Engine/Content/VREditor/Sounds/UI/Scaling_Down.ubulk" 953
"../../../Engine/Content/VREditor/Sounds/UI/Scaling_Down.uasset" 954
"../../../Engine/Content/VREditor/Sounds/UI/Scaling_Down.uexp" 955
"../../../Engine/Content/VREditor/Sounds/UI/Scaling_Up.ubulk" 956
"../../../Engine/Content/VREditor/Sounds/UI/Scaling_Up.uasset" 957
"../../../Engine/Content/VREditor/Sounds/UI/Scaling_Up.uexp" 958
"../../../Engine/Content/VREditor/Sounds/UI/Selection_Changes.ubulk" 959
"../../../Engine/Content/VREditor/Sounds/UI/Selection_Changes.uasset" 960
"../../../Engine/Content/VREditor/Sounds/UI/Selection_Changes.uexp" 961
"../../../Engine/Content/VREditor/TransformGizmo/PlaneTranslationHandle.ubulk" 962
"../../../Engine/Content/VREditor/TransformGizmo/PlaneTranslationHandle.uasset" 963
"../../../Engine/Content/VREditor/TransformGizmo/PlaneTranslationHandle.uexp" 964
"../../../Engine/Content/VREditor/TransformGizmo/RotationHandleFull.ubulk" 965
"../../../Engine/Content/VREditor/TransformGizmo/RotationHandleFull.uasset" 966
"../../../Engine/Content/VREditor/TransformGizmo/RotationHandleFull.uexp" 967
"../../../Engine/Content/VREditor/TransformGizmo/RotationHandleIndicator.ubulk" 968
"../../../Engine/Content/VREditor/TransformGizmo/RotationHandleIndicator.uasset" 969
"../../../Engine/Content/VREditor/TransformGizmo/RotationHandleIndicator.uexp" 970
"../../../Engine/Content/VREditor/TransformGizmo/RotationHandleQuarter.ubulk" 971
"../../../Engine/Content/VREditor/TransformGizmo/RotationHandleQuarter.uasset" 972
"../../../Engine/Content/VREditor/TransformGizmo/RotationHandleQuarter.uexp" 973
"../../../Engine/Content/VREditor/TransformGizmo/StartRotationHandleIndicator.ubulk" 974
"../../../Engine/Content/VREditor/TransformGizmo/StartRotationHandleIndicator.uasset" 975
"../../../Engine/Content/VREditor/TransformGizmo/StartRotationHandleIndicator.uexp" 976
"../../../Engine/Content/VREditor/TransformGizmo/TransformGizmoFreeRotation.ubulk" 977
"../../../Engine/Content/VREditor/TransformGizmo/TransformGizmoFreeRotation.uasset" 978
"../../../Engine/Content/VREditor/TransformGizmo/TransformGizmoFreeRotation.uexp" 979
"../../../Engine/Content/VREditor/TransformGizmo/TranslateArrowHandle.ubulk" 980
"../../../Engine/Content/VREditor/TransformGizmo/TranslateArrowHandle.uasset" 981
"../../../Engine/Content/VREditor/TransformGizmo/TranslateArrowHandle.uexp" 982
"../../../Engine/Content/EngineResources/LandscapeVisibilityLayerInfo.uasset" 983
"../../../Engine/Content/EngineResources/LandscapeVisibilityLayerInfo.uexp" 984
"../../../Engine/Plugins/Animation/DeformerGraph/Content/DeformerFunctions/DG_Function_LinearBlendSkin_Morph_Cloth.uasset" 985
"../../../Engine/Plugins/Animation/DeformerGraph/Content/DeformerFunctions/DG_Function_LinearBlendSkin_Morph_Cloth.uexp" 986
"../../../Engine/Plugins/Animation/DeformerGraph/Content/Deformers/DG_LinearBlendSkin_Morph_Cloth.uasset" 987
"../../../Engine/Plugins/Animation/DeformerGraph/Content/Deformers/DG_LinearBlendSkin_Morph_Cloth.uexp" 988
"../../../Engine/Plugins/Animation/DeformerGraph/Content/DeformerFunctions/DG_Function_LinearBlendSkin_Morph_Cloth_PositionOnly.uasset" 989
"../../../Engine/Plugins/Animation/DeformerGraph/Content/DeformerFunctions/DG_Function_LinearBlendSkin_Morph_Cloth_PositionOnly.uexp" 990
"../../../Engine/Plugins/Animation/DeformerGraph/Content/DeformerFunctions/DG_Function_ComputeNormalsTangents.uasset" 991
"../../../Engine/Plugins/Animation/DeformerGraph/Content/DeformerFunctions/DG_Function_ComputeNormalsTangents.uexp" 992
"../../../Engine/Plugins/Animation/DeformerGraph/Content/Deformers/DG_LinearBlendSkin_Morph_Cloth_RecomputeNormals.uasset" 993
"../../../Engine/Plugins/Animation/DeformerGraph/Content/Deformers/DG_LinearBlendSkin_Morph_Cloth_RecomputeNormals.uexp" 994
"../../../Engine/Plugins/NNE/NNEDenoiser/Content/NNEDT_Oidn2-3_Balanced.uasset" 995
"../../../Engine/Plugins/NNE/NNEDenoiser/Content/NNEDT_Oidn2-3_Balanced.uexp" 996
"../../../Engine/Plugins/NNE/NNEDenoiser/Content/NNEDT_Oidn2-3_Balanced_Alpha.uasset" 997
"../../../Engine/Plugins/NNE/NNEDenoiser/Content/NNEDT_Oidn2-3_Balanced_Alpha.uexp" 998
"../../../Engine/Plugins/NNE/NNEDenoiser/Content/NNED_Oidn2-3_Balanced.uasset" 999
"../../../Engine/Plugins/NNE/NNEDenoiser/Content/NNED_Oidn2-3_Balanced.uexp" 1000
"../../../Engine/Plugins/NNE/NNEDenoiser/Content/NNED_Oidn2-3_Balanced_Alpha.uasset" 1001
"../../../Engine/Plugins/NNE/NNEDenoiser/Content/NNED_Oidn2-3_Balanced_Alpha.uexp" 1002
"../../../Engine/Plugins/NNE/NNEDenoiser/Content/NNED_Oidn2-3_Fast.uasset" 1003
"../../../Engine/Plugins/NNE/NNEDenoiser/Content/NNED_Oidn2-3_Fast.uexp" 1004
"../../../Engine/Plugins/NNE/NNEDenoiser/Content/NNED_Oidn2-3_Fast_Alpha.uasset" 1005
"../../../Engine/Plugins/NNE/NNEDenoiser/Content/NNED_Oidn2-3_Fast_Alpha.uexp" 1006
"../../../Engine/Plugins/NNE/NNEDenoiser/Content/NNED_Oidn2-3_HighQuality.uasset" 1007
"../../../Engine/Plugins/NNE/NNEDenoiser/Content/NNED_Oidn2-3_HighQuality.uexp" 1008
"../../../Engine/Plugins/NNE/NNEDenoiser/Content/NNED_Oidn2-3_HighQuality_Alpha.uasset" 1009
"../../../Engine/Plugins/NNE/NNEDenoiser/Content/NNED_Oidn2-3_HighQuality_Alpha.uexp" 1010
"../../../Engine/Content/Maps/Entry_BuiltData.uasset" 1011
"../../../Engine/Content/Maps/Entry_BuiltData.uexp" 1012
"../../../Engine/Content/Maps/Entry.uexp" 1013
"../../../Engine/Content/Maps/Entry.umap" 1014
"C:/UE Projects/CreditPit/Content/Input/Actions/IA_MouseLook.uasset" 1015
"C:/UE Projects/CreditPit/Content/Input/Actions/IA_MouseLook.uexp" 1016
"C:/UE Projects/CreditPit/Content/Input/IMC_MouseLook.uasset" 1017
"C:/UE Projects/CreditPit/Content/Input/IMC_MouseLook.uexp" 1018
"C:/UE Projects/CreditPit/Content/Input/Actions/IA_Interact.uasset" 1019
"C:/UE Projects/CreditPit/Content/Input/Actions/IA_Interact.uexp" 1020
"C:/UE Projects/CreditPit/Content/Input/Actions/IA_Jump.uasset" 1021
"C:/UE Projects/CreditPit/Content/Input/Actions/IA_Jump.uexp" 1022
"C:/UE Projects/CreditPit/Content/Input/Actions/IA_Look.uasset" 1023
"C:/UE Projects/CreditPit/Content/Input/Actions/IA_Look.uexp" 1024
"C:/UE Projects/CreditPit/Content/Input/Actions/IA_Move.uasset" 1025
"C:/UE Projects/CreditPit/Content/Input/Actions/IA_Move.uexp" 1026
"C:/UE Projects/CreditPit/Content/Input/IMC_Default.uasset" 1027
"C:/UE Projects/CreditPit/Content/Input/IMC_Default.uexp" 1028
"C:/UE Projects/CreditPit/Content/Input/Touch/BPI_TouchInterface.uasset" 1029
"C:/UE Projects/CreditPit/Content/Input/Touch/BPI_TouchInterface.uexp" 1030
"C:/UE Projects/CreditPit/Content/Input/Touch/UI_Thumbstick.uasset" 1031
"C:/UE Projects/CreditPit/Content/Input/Touch/UI_Thumbstick.uexp" 1032
"C:/UE Projects/CreditPit/Content/Input/Touch/UI_TouchSimple.uasset" 1033
"C:/UE Projects/CreditPit/Content/Input/Touch/UI_TouchSimple.uexp" 1034
"C:/UE Projects/CreditPit/Content/ThirdPerson/Blueprints/BP_ThirdPersonPlayerController.uasset" 1035
"C:/UE Projects/CreditPit/Content/ThirdPerson/Blueprints/BP_ThirdPersonPlayerController.uexp" 1036
"C:/UE Projects/CreditPit/Content/Characters/Mannequins/Meshes/SK_Mannequin.uasset" 1037
"C:/UE Projects/CreditPit/Content/Characters/Mannequins/Meshes/SK_Mannequin.uexp" 1038
"../../../Engine/Plugins/Animation/ControlRig/Content/Controls/DefaultGizmoLibraryNormalized.uasset" 1039
"../../../Engine/Plugins/Animation/ControlRig/Content/Controls/DefaultGizmoLibraryNormalized.uexp" 1040
"C:/UE Projects/CreditPit/Content/Characters/Mannequins/Rigs/CR_Mannequin_FootIK.uasset" 1041
"C:/UE Projects/CreditPit/Content/Characters/Mannequins/Rigs/CR_Mannequin_FootIK.uexp" 1042
"../../../Engine/Content/Animation/DefaultVariableFrameStrippingSettings.uasset" 1043
"../../../Engine/Content/Animation/DefaultVariableFrameStrippingSettings.uexp" 1044
"../../../Engine/Content/Animation/DefaultAnimCurveCompressionSettings.uasset" 1045
"../../../Engine/Content/Animation/DefaultAnimCurveCompressionSettings.uexp" 1046
"../../../Engine/Content/Animation/DefaultAnimBoneCompressionSettings.uasset" 1047
"../../../Engine/Content/Animation/DefaultAnimBoneCompressionSettings.uexp" 1048
"C:/UE Projects/CreditPit/Content/Characters/Mannequins/Anims/Unarmed/MM_Idle.uasset" 1049
"C:/UE Projects/CreditPit/Content/Characters/Mannequins/Anims/Unarmed/MM_Idle.uexp" 1050
"../../../Engine/Plugins/Animation/ACLPlugin/Content/ACLAnimCurveCompressionSettings.uasset" 1051
"../../../Engine/Plugins/Animation/ACLPlugin/Content/ACLAnimCurveCompressionSettings.uexp" 1052
"C:/UE Projects/CreditPit/Content/Characters/Mannequins/Anims/Unarmed/Walk/MF_Unarmed_Walk_Right.uasset" 1053
"C:/UE Projects/CreditPit/Content/Characters/Mannequins/Anims/Unarmed/Walk/MF_Unarmed_Walk_Right.uexp" 1054
"C:/UE Projects/CreditPit/Content/Characters/Mannequins/Anims/Unarmed/Walk/MF_Unarmed_Walk_Left.uasset" 1055
"C:/UE Projects/CreditPit/Content/Characters/Mannequins/Anims/Unarmed/Walk/MF_Unarmed_Walk_Left.uexp" 1056
"C:/UE Projects/CreditPit/Content/Characters/Mannequins/Anims/Unarmed/Jog/MF_Unarmed_Jog_Bwd.uasset" 1057
"C:/UE Projects/CreditPit/Content/Characters/Mannequins/Anims/Unarmed/Jog/MF_Unarmed_Jog_Bwd.uexp" 1058
"../../../Engine/Content/Animation/DefaultRecorderBoneCompression.uasset" 1059
"../../../Engine/Content/Animation/DefaultRecorderBoneCompression.uexp" 1060
"C:/UE Projects/CreditPit/Content/Characters/Mannequins/Anims/Unarmed/Jog/MF_Unarmed_Jog_Bwd_Left.uasset" 1061
"C:/UE Projects/CreditPit/Content/Characters/Mannequins/Anims/Unarmed/Jog/MF_Unarmed_Jog_Bwd_Left.uexp" 1062
"C:/UE Projects/CreditPit/Content/Characters/Mannequins/Anims/Unarmed/Jog/MF_Unarmed_Jog_Bwd_Right.uasset" 1063
"C:/UE Projects/CreditPit/Content/Characters/Mannequins/Anims/Unarmed/Jog/MF_Unarmed_Jog_Bwd_Right.uexp" 1064
"C:/UE Projects/CreditPit/Content/Characters/Mannequins/Anims/Unarmed/Jog/MF_Unarmed_Jog_Fwd.uasset" 1065
"C:/UE Projects/CreditPit/Content/Characters/Mannequins/Anims/Unarmed/Jog/MF_Unarmed_Jog_Fwd.uexp" 1066
"C:/UE Projects/CreditPit/Content/Characters/Mannequins/Anims/Unarmed/Jog/MF_Unarmed_Jog_Fwd_Left.uasset" 1067
"C:/UE Projects/CreditPit/Content/Characters/Mannequins/Anims/Unarmed/Jog/MF_Unarmed_Jog_Fwd_Left.uexp" 1068
"C:/UE Projects/CreditPit/Content/Characters/Mannequins/Anims/Unarmed/Jog/MF_Unarmed_Jog_Fwd_Right.uasset" 1069
"C:/UE Projects/CreditPit/Content/Characters/Mannequins/Anims/Unarmed/Jog/MF_Unarmed_Jog_Fwd_Right.uexp" 1070
"C:/UE Projects/CreditPit/Content/Characters/Mannequins/Anims/Unarmed/Jog/MF_Unarmed_Jog_Left.uasset" 1071
"C:/UE Projects/CreditPit/Content/Characters/Mannequins/Anims/Unarmed/Jog/MF_Unarmed_Jog_Left.uexp" 1072
"C:/UE Projects/CreditPit/Content/Characters/Mannequins/Anims/Unarmed/Jog/MF_Unarmed_Jog_Right.uasset" 1073
"C:/UE Projects/CreditPit/Content/Characters/Mannequins/Anims/Unarmed/Jog/MF_Unarmed_Jog_Right.uexp" 1074
"C:/UE Projects/CreditPit/Content/Characters/Mannequins/Anims/Unarmed/Walk/MF_Unarmed_Walk_Bwd.uasset" 1075
"C:/UE Projects/CreditPit/Content/Characters/Mannequins/Anims/Unarmed/Walk/MF_Unarmed_Walk_Bwd.uexp" 1076
"C:/UE Projects/CreditPit/Content/Characters/Mannequins/Anims/Unarmed/Walk/MF_Unarmed_Walk_Bwd_Left.uasset" 1077
"C:/UE Projects/CreditPit/Content/Characters/Mannequins/Anims/Unarmed/Walk/MF_Unarmed_Walk_Bwd_Left.uexp" 1078
"C:/UE Projects/CreditPit/Content/Characters/Mannequins/Anims/Unarmed/Walk/MF_Unarmed_Walk_Bwd_Right.uasset" 1079
"C:/UE Projects/CreditPit/Content/Characters/Mannequins/Anims/Unarmed/Walk/MF_Unarmed_Walk_Bwd_Right.uexp" 1080
"C:/UE Projects/CreditPit/Content/Characters/Mannequins/Anims/Unarmed/Walk/MF_Unarmed_Walk_Fwd.uasset" 1081
"C:/UE Projects/CreditPit/Content/Characters/Mannequins/Anims/Unarmed/Walk/MF_Unarmed_Walk_Fwd.uexp" 1082
"C:/UE Projects/CreditPit/Content/Characters/Mannequins/Anims/Unarmed/Walk/MF_Unarmed_Walk_Fwd_Left.uasset" 1083
"C:/UE Projects/CreditPit/Content/Characters/Mannequins/Anims/Unarmed/Walk/MF_Unarmed_Walk_Fwd_Left.uexp" 1084
"C:/UE Projects/CreditPit/Content/Characters/Mannequins/Anims/Unarmed/Walk/MF_Unarmed_Walk_Fwd_Right.uasset" 1085
"C:/UE Projects/CreditPit/Content/Characters/Mannequins/Anims/Unarmed/Walk/MF_Unarmed_Walk_Fwd_Right.uexp" 1086
"C:/UE Projects/CreditPit/Content/Characters/Mannequins/Anims/Unarmed/BS_Idle_Walk_Run.uasset" 1087
"C:/UE Projects/CreditPit/Content/Characters/Mannequins/Anims/Unarmed/BS_Idle_Walk_Run.uexp" 1088
"C:/UE Projects/CreditPit/Content/Characters/Mannequins/Anims/Unarmed/Jump/MM_Fall_Loop.uasset" 1089
"C:/UE Projects/CreditPit/Content/Characters/Mannequins/Anims/Unarmed/Jump/MM_Fall_Loop.uexp" 1090
"C:/UE Projects/CreditPit/Content/Characters/Mannequins/Anims/Unarmed/Jump/MM_Jump.uasset" 1091
"C:/UE Projects/CreditPit/Content/Characters/Mannequins/Anims/Unarmed/Jump/MM_Jump.uexp" 1092
"C:/UE Projects/CreditPit/Content/Characters/Mannequins/Anims/Unarmed/Jump/MM_Land.uasset" 1093
"C:/UE Projects/CreditPit/Content/Characters/Mannequins/Anims/Unarmed/Jump/MM_Land.uexp" 1094
"C:/UE Projects/CreditPit/Content/Characters/Mannequins/Anims/Unarmed/ABP_Unarmed.uasset" 1095
"C:/UE Projects/CreditPit/Content/Characters/Mannequins/Anims/Unarmed/ABP_Unarmed.uexp" 1096
"C:/UE Projects/CreditPit/Content/Characters/Mannequins/Rigs/PA_Mannequin.uasset" 1097
"C:/UE Projects/CreditPit/Content/Characters/Mannequins/Rigs/PA_Mannequin.uexp" 1098
"C:/UE Projects/CreditPit/Content/Characters/Mannequins/Textures/Manny/T_Manny_01_BN.ubulk" 1099
"C:/UE Projects/CreditPit/Content/Characters/Mannequins/Textures/Manny/T_Manny_01_BN.uasset" 1100
"C:/UE Projects/CreditPit/Content/Characters/Mannequins/Textures/Manny/T_Manny_01_BN.uexp" 1101
"C:/UE Projects/CreditPit/Content/Characters/Mannequins/Textures/Manny/T_Manny_01_D.ubulk" 1102
"C:/UE Projects/CreditPit/Content/Characters/Mannequins/Textures/Manny/T_Manny_01_D.uasset" 1103
"C:/UE Projects/CreditPit/Content/Characters/Mannequins/Textures/Manny/T_Manny_01_D.uexp" 1104
"C:/UE Projects/CreditPit/Content/Characters/Mannequins/Textures/Manny/T_Manny_01_MRA.ubulk" 1105
"C:/UE Projects/CreditPit/Content/Characters/Mannequins/Textures/Manny/T_Manny_01_MRA.uasset" 1106
"C:/UE Projects/CreditPit/Content/Characters/Mannequins/Textures/Manny/T_Manny_01_MRA.uexp" 1107
"C:/UE Projects/CreditPit/Content/Characters/Mannequins/Textures/Shared/T_UE_Logo_M.uasset" 1108
"C:/UE Projects/CreditPit/Content/Characters/Mannequins/Textures/Shared/T_UE_Logo_M.uexp" 1109
"C:/UE Projects/CreditPit/Content/Characters/Mannequins/Materials/M_Mannequin.uasset" 1110
"C:/UE Projects/CreditPit/Content/Characters/Mannequins/Materials/M_Mannequin.uexp" 1111
"C:/UE Projects/CreditPit/Content/Characters/Mannequins/Textures/Quinn/T_Quinn_01_N.ubulk" 1112
"C:/UE Projects/CreditPit/Content/Characters/Mannequins/Textures/Quinn/T_Quinn_01_N.uasset" 1113
"C:/UE Projects/CreditPit/Content/Characters/Mannequins/Textures/Quinn/T_Quinn_01_N.uexp" 1114
"C:/UE Projects/CreditPit/Content/Characters/Mannequins/Textures/Quinn/T_Quinn_01_MRA.ubulk" 1115
"C:/UE Projects/CreditPit/Content/Characters/Mannequins/Textures/Quinn/T_Quinn_01_MRA.uasset" 1116
"C:/UE Projects/CreditPit/Content/Characters/Mannequins/Textures/Quinn/T_Quinn_01_MRA.uexp" 1117
"C:/UE Projects/CreditPit/Content/Characters/Mannequins/Textures/Quinn/T_Quinn_01_D.ubulk" 1118
"C:/UE Projects/CreditPit/Content/Characters/Mannequins/Textures/Quinn/T_Quinn_01_D.uasset" 1119
"C:/UE Projects/CreditPit/Content/Characters/Mannequins/Textures/Quinn/T_Quinn_01_D.uexp" 1120
"C:/UE Projects/CreditPit/Content/Characters/Mannequins/Materials/Quinn/MI_Quinn_01.uasset" 1121
"C:/UE Projects/CreditPit/Content/Characters/Mannequins/Materials/Quinn/MI_Quinn_01.uexp" 1122
"C:/UE Projects/CreditPit/Content/Characters/Mannequins/Textures/Quinn/T_Quinn_02_N.ubulk" 1123
"C:/UE Projects/CreditPit/Content/Characters/Mannequins/Textures/Quinn/T_Quinn_02_N.uasset" 1124
"C:/UE Projects/CreditPit/Content/Characters/Mannequins/Textures/Quinn/T_Quinn_02_N.uexp" 1125
"C:/UE Projects/CreditPit/Content/Characters/Mannequins/Textures/Quinn/T_Quinn_02_MRA.ubulk" 1126
"C:/UE Projects/CreditPit/Content/Characters/Mannequins/Textures/Quinn/T_Quinn_02_MRA.uasset" 1127
"C:/UE Projects/CreditPit/Content/Characters/Mannequins/Textures/Quinn/T_Quinn_02_MRA.uexp" 1128
"C:/UE Projects/CreditPit/Content/Characters/Mannequins/Textures/Quinn/T_Quinn_02_D.ubulk" 1129
"C:/UE Projects/CreditPit/Content/Characters/Mannequins/Textures/Quinn/T_Quinn_02_D.uasset" 1130
"C:/UE Projects/CreditPit/Content/Characters/Mannequins/Textures/Quinn/T_Quinn_02_D.uexp" 1131
"C:/UE Projects/CreditPit/Content/Characters/Mannequins/Materials/Quinn/MI_Quinn_02.uasset" 1132
"C:/UE Projects/CreditPit/Content/Characters/Mannequins/Materials/Quinn/MI_Quinn_02.uexp" 1133
"C:/UE Projects/CreditPit/Content/Characters/Mannequins/Meshes/SKM_Quinn_Simple.uasset" 1134
"C:/UE Projects/CreditPit/Content/Characters/Mannequins/Meshes/SKM_Quinn_Simple.uexp" 1135
"C:/UE Projects/CreditPit/Content/Project/Blueprints/Interfaces/BPI_Interact.uasset" 1136
"C:/UE Projects/CreditPit/Content/Project/Blueprints/Interfaces/BPI_Interact.uexp" 1137
"C:/UE Projects/CreditPit/Content/ThirdPerson/Blueprints/BP_ThirdPersonCharacter.uasset" 1138
"C:/UE Projects/CreditPit/Content/ThirdPerson/Blueprints/BP_ThirdPersonCharacter.uexp" 1139
"../../../Engine/Content/BasicShapes/Cube.ubulk" 1140
"../../../Engine/Content/BasicShapes/Cube.uasset" 1141
"../../../Engine/Content/BasicShapes/Cube.uexp" 1142
"../../../Engine/Content/BasicShapes/BasicShapeMaterial.uasset" 1143
"../../../Engine/Content/BasicShapes/BasicShapeMaterial.uexp" 1144
"C:/UE Projects/CreditPit/Content/Project/Blueprints/Actors/Locaition/StaticByeLocaition/BP_Door.uasset" 1145
"C:/UE Projects/CreditPit/Content/Project/Blueprints/Actors/Locaition/StaticByeLocaition/BP_Door.uexp" 1146
"C:/UE Projects/CreditPit/Content/Project/Data/Structs/S_GamblingMachineStateOnSpawn.uasset" 1147
"C:/UE Projects/CreditPit/Content/Project/Data/Structs/S_GamblingMachineStateOnSpawn.uexp" 1148
"C:/UE Projects/CreditPit/Content/Project/Blueprints/Actors/Locaition/StaticByeLocaition/BP_SellMachine.uasset" 1149
"C:/UE Projects/CreditPit/Content/Project/Blueprints/Actors/Locaition/StaticByeLocaition/BP_SellMachine.uexp" 1150
"C:/UE Projects/CreditPit/Content/Project/Blueprints/Actors/Locaition/StaticByeLocaition/BP_Location.uasset" 1151
"C:/UE Projects/CreditPit/Content/Project/Blueprints/Actors/Locaition/StaticByeLocaition/BP_Location.uexp" 1152
"C:/UE Projects/CreditPit/Content/Project/Blueprints/UI/Widgets/MainLevels/WBP_SaleRoom.uasset" 1153
"C:/UE Projects/CreditPit/Content/Project/Blueprints/UI/Widgets/MainLevels/WBP_SaleRoom.uexp" 1154
"C:/UE Projects/CreditPit/Content/Project/Blueprints/UI/Widgets/MainLevels/WBP_Money.uasset" 1155
"C:/UE Projects/CreditPit/Content/Project/Blueprints/UI/Widgets/MainLevels/WBP_Money.uexp" 1156
"C:/UE Projects/CreditPit/Content/Project/Models/GamblingMachine/mashine2_test.ubulk" 1157
"C:/UE Projects/CreditPit/Content/Project/Models/GamblingMachine/mashine2_test.uasset" 1158
"C:/UE Projects/CreditPit/Content/Project/Models/GamblingMachine/mashine2_test.uexp" 1159
"C:/UE Projects/CreditPit/Content/Project/Models/GamblingMachine/mashine1_test.ubulk" 1160
"C:/UE Projects/CreditPit/Content/Project/Models/GamblingMachine/mashine1_test.uasset" 1161
"C:/UE Projects/CreditPit/Content/Project/Models/GamblingMachine/mashine1_test.uexp" 1162
"C:/UE Projects/CreditPit/Content/Project/Blueprints/Actors/NPC/BP_NPC.uasset" 1163
"C:/UE Projects/CreditPit/Content/Project/Blueprints/Actors/NPC/BP_NPC.uexp" 1164
"C:/UE Projects/CreditPit/Content/Project/Blueprints/Actors/GamblingMachine/BP_GamblingMachine.uasset" 1165
"C:/UE Projects/CreditPit/Content/Project/Blueprints/Actors/GamblingMachine/BP_GamblingMachine.uexp" 1166
"C:/UE Projects/CreditPit/Content/Project/Blueprints/UI/Widgets/MainLevels/WBP_BuyAndUpgrateGamblingMachine.uasset" 1167
"C:/UE Projects/CreditPit/Content/Project/Blueprints/UI/Widgets/MainLevels/WBP_BuyAndUpgrateGamblingMachine.uexp" 1168
"C:/UE Projects/CreditPit/Content/Project/Blueprints/UI/HUDs/MainLevels/BP_HUDMainLevels.uasset" 1169
"C:/UE Projects/CreditPit/Content/Project/Blueprints/UI/HUDs/MainLevels/BP_HUDMainLevels.uexp" 1170
"C:/UE Projects/CreditPit/Content/ThirdPerson/Blueprints/BP_ThirdPersonGameMode.uasset" 1171
"C:/UE Projects/CreditPit/Content/ThirdPerson/Blueprints/BP_ThirdPersonGameMode.uexp" 1172
"C:/UE Projects/CreditPit/Content/Project/Levels/Lvl_Test.uexp" 1173
"C:/UE Projects/CreditPit/Content/Project/Levels/Lvl_Test.umap" 1174
"C:/UE Projects/CreditPit/Content/Project/Blueprints/UI/Widgets/MainMenu/WBP_Titles.uasset" 1175
"C:/UE Projects/CreditPit/Content/Project/Blueprints/UI/Widgets/MainMenu/WBP_Titles.uexp" 1176
"C:/UE Projects/CreditPit/Content/Project/Blueprints/UI/Widgets/MainMenu/WBP_Settings.uasset" 1177
"C:/UE Projects/CreditPit/Content/Project/Blueprints/UI/Widgets/MainMenu/WBP_Settings.uexp" 1178
"C:/UE Projects/CreditPit/Content/Project/MaterialLibrary/Images/MainButton.uasset" 1179
"C:/UE Projects/CreditPit/Content/Project/MaterialLibrary/Images/MainButton.uexp" 1180
"C:/UE Projects/CreditPit/Content/Project/Blueprints/UI/Widgets/MainMenu/WBP_MainMenu.uasset" 1181
"C:/UE Projects/CreditPit/Content/Project/Blueprints/UI/Widgets/MainMenu/WBP_MainMenu.uexp" 1182
"C:/UE Projects/CreditPit/Content/Project/Blueprints/UI/HUDs/MainMenu/BP_MainMenuHUD.uasset" 1183
"C:/UE Projects/CreditPit/Content/Project/Blueprints/UI/HUDs/MainMenu/BP_MainMenuHUD.uexp" 1184
"C:/UE Projects/CreditPit/Content/Project/Blueprints/GameModes/GMB_MainMenuGameMode.uasset" 1185
"C:/UE Projects/CreditPit/Content/Project/Blueprints/GameModes/GMB_MainMenuGameMode.uexp" 1186
"C:/UE Projects/CreditPit/Content/Project/Levels/Lvl_MainMenu.uexp" 1187
"C:/UE Projects/CreditPit/Content/Project/Levels/Lvl_MainMenu.umap" 1188
"C:/UE Projects/CreditPit/Content/Project/Levels/Lvl_Test/_Generated_/4RRNZM9SF8BNGX4AEZXNX863C.uexp" 1189
"C:/UE Projects/CreditPit/Content/Project/Levels/Lvl_Test/_Generated_/4RRNZM9SF8BNGX4AEZXNX863C.umap" 1190
"C:/UE Projects/CreditPit/Content/Project/Levels/Lvl_Test/_Generated_/BDJ5NAWU2VHFK69NKM056QKCF.uexp" 1191
"C:/UE Projects/CreditPit/Content/Project/Levels/Lvl_Test/_Generated_/BDJ5NAWU2VHFK69NKM056QKCF.ubulk" 1192
"C:/UE Projects/CreditPit/Content/Project/Levels/Lvl_Test/_Generated_/BDJ5NAWU2VHFK69NKM056QKCF.umap" 1193
"C:/UE Projects/CreditPit/Content/Project/Levels/Lvl_Test/_Generated_/B6I9I4OQ73V0Q7KAS4TXB7J2L.uexp" 1194
"C:/UE Projects/CreditPit/Content/Project/Levels/Lvl_Test/_Generated_/B6I9I4OQ73V0Q7KAS4TXB7J2L.ubulk" 1195
"C:/UE Projects/CreditPit/Content/Project/Levels/Lvl_Test/_Generated_/B6I9I4OQ73V0Q7KAS4TXB7J2L.umap" 1196
"C:/UE Projects/CreditPit/Content/Project/Levels/Lvl_Test/_Generated_/5WPFJHHOEQ02BDWK74B4XKWKY.uexp" 1197
"C:/UE Projects/CreditPit/Content/Project/Levels/Lvl_Test/_Generated_/5WPFJHHOEQ02BDWK74B4XKWKY.ubulk" 1198
"C:/UE Projects/CreditPit/Content/Project/Levels/Lvl_Test/_Generated_/5WPFJHHOEQ02BDWK74B4XKWKY.umap" 1199
"C:/UE Projects/CreditPit/Content/Project/Levels/Lvl_Test/_Generated_/5XEFBO3GO2XAAV38BMGGOO6ZX.uexp" 1200
"C:/UE Projects/CreditPit/Content/Project/Levels/Lvl_Test/_Generated_/5XEFBO3GO2XAAV38BMGGOO6ZX.ubulk" 1201
"C:/UE Projects/CreditPit/Content/Project/Levels/Lvl_Test/_Generated_/5XEFBO3GO2XAAV38BMGGOO6ZX.umap" 1202
"C:/UE Projects/CreditPit/Content/Project/Levels/Lvl_Test/_Generated_/0EPJJQSIUNNS2SRDPZKNUB682.uexp" 1203
"C:/UE Projects/CreditPit/Content/Project/Levels/Lvl_Test/_Generated_/0EPJJQSIUNNS2SRDPZKNUB682.ubulk" 1204
"C:/UE Projects/CreditPit/Content/Project/Levels/Lvl_Test/_Generated_/0EPJJQSIUNNS2SRDPZKNUB682.umap" 1205
"C:/UE Projects/CreditPit/Content/Project/Levels/Lvl_Test/_Generated_/5D24I0D9SY1G8GOOIOEV87M52.uexp" 1206
"C:/UE Projects/CreditPit/Content/Project/Levels/Lvl_Test/_Generated_/5D24I0D9SY1G8GOOIOEV87M52.ubulk" 1207
"C:/UE Projects/CreditPit/Content/Project/Levels/Lvl_Test/_Generated_/5D24I0D9SY1G8GOOIOEV87M52.umap" 1208
"C:/UE Projects/CreditPit/Content/Project/Levels/Lvl_Test/_Generated_/4JRCUNEZQDZWY1LYXEY4D7LN6.uexp" 1209
"C:/UE Projects/CreditPit/Content/Project/Levels/Lvl_Test/_Generated_/4JRCUNEZQDZWY1LYXEY4D7LN6.ubulk" 1210
"C:/UE Projects/CreditPit/Content/Project/Levels/Lvl_Test/_Generated_/4JRCUNEZQDZWY1LYXEY4D7LN6.umap" 1211
"C:/UE Projects/CreditPit/Content/Project/Levels/Lvl_Test/_Generated_/BYK9RBE1D0GPP6WG2CLOUCYUX.uexp" 1212
"C:/UE Projects/CreditPit/Content/Project/Levels/Lvl_Test/_Generated_/BYK9RBE1D0GPP6WG2CLOUCYUX.ubulk" 1213
"C:/UE Projects/CreditPit/Content/Project/Levels/Lvl_Test/_Generated_/BYK9RBE1D0GPP6WG2CLOUCYUX.umap" 1214
"C:/UE Projects/CreditPit/Content/Project/Levels/Lvl_Test/_Generated_/4TZKF4VPOYZBQBN7DQ0CVNNRV.uexp" 1215
"C:/UE Projects/CreditPit/Content/Project/Levels/Lvl_Test/_Generated_/4TZKF4VPOYZBQBN7DQ0CVNNRV.ubulk" 1216
"C:/UE Projects/CreditPit/Content/Project/Levels/Lvl_Test/_Generated_/4TZKF4VPOYZBQBN7DQ0CVNNRV.umap" 1217
"C:/UE Projects/CreditPit/Content/Project/Levels/Lvl_Test/_Generated_/7PYWMNZERLT9MV7IPV0TQDYTU.uexp" 1218
"C:/UE Projects/CreditPit/Content/Project/Levels/Lvl_Test/_Generated_/7PYWMNZERLT9MV7IPV0TQDYTU.ubulk" 1219
"C:/UE Projects/CreditPit/Content/Project/Levels/Lvl_Test/_Generated_/7PYWMNZERLT9MV7IPV0TQDYTU.umap" 1220
"C:/UE Projects/CreditPit/Content/Project/Levels/Lvl_Test/_Generated_/1PLPO0UX4MUSPAPVLQ8KR6V5W.uexp" 1221
"C:/UE Projects/CreditPit/Content/Project/Levels/Lvl_Test/_Generated_/1PLPO0UX4MUSPAPVLQ8KR6V5W.ubulk" 1222
"C:/UE Projects/CreditPit/Content/Project/Levels/Lvl_Test/_Generated_/1PLPO0UX4MUSPAPVLQ8KR6V5W.umap" 1223
"C:/UE Projects/CreditPit/Content/Project/Levels/Lvl_Test/_Generated_/AZ8AZ4NHHNJ9ZLLPXUX4544K1.uexp" 1224
"C:/UE Projects/CreditPit/Content/Project/Levels/Lvl_Test/_Generated_/AZ8AZ4NHHNJ9ZLLPXUX4544K1.ubulk" 1225
"C:/UE Projects/CreditPit/Content/Project/Levels/Lvl_Test/_Generated_/AZ8AZ4NHHNJ9ZLLPXUX4544K1.umap" 1226
"C:/UE Projects/CreditPit/Content/Project/Levels/Lvl_Test/_Generated_/9PCZBYJT395AY8JRFQDNYFAZL.uexp" 1227
"C:/UE Projects/CreditPit/Content/Project/Levels/Lvl_Test/_Generated_/9PCZBYJT395AY8JRFQDNYFAZL.ubulk" 1228
"C:/UE Projects/CreditPit/Content/Project/Levels/Lvl_Test/_Generated_/9PCZBYJT395AY8JRFQDNYFAZL.umap" 1229
"C:/UE Projects/CreditPit/Content/Project/Levels/Lvl_Test/_Generated_/F552LP77A1GY2NY7MF9PPNTE2.uexp" 1230
"C:/UE Projects/CreditPit/Content/Project/Levels/Lvl_Test/_Generated_/F552LP77A1GY2NY7MF9PPNTE2.ubulk" 1231
"C:/UE Projects/CreditPit/Content/Project/Levels/Lvl_Test/_Generated_/F552LP77A1GY2NY7MF9PPNTE2.umap" 1232
"C:/UE Projects/CreditPit/Content/Project/Levels/Lvl_Test/_Generated_/79RUM61FKTUGG7VQIBIHE1F5K.uexp" 1233
"C:/UE Projects/CreditPit/Content/Project/Levels/Lvl_Test/_Generated_/79RUM61FKTUGG7VQIBIHE1F5K.ubulk" 1234
"C:/UE Projects/CreditPit/Content/Project/Levels/Lvl_Test/_Generated_/79RUM61FKTUGG7VQIBIHE1F5K.umap" 1235
"C:/UE Projects/CreditPit/Content/Project/Levels/Lvl_Test/_Generated_/3BYP5TFZM8RWSXXC55I9033FZ.uexp" 1236
"C:/UE Projects/CreditPit/Content/Project/Levels/Lvl_Test/_Generated_/3BYP5TFZM8RWSXXC55I9033FZ.ubulk" 1237
"C:/UE Projects/CreditPit/Content/Project/Levels/Lvl_Test/_Generated_/3BYP5TFZM8RWSXXC55I9033FZ.umap" 1238
"C:/UE Projects/CreditPit/Content/Project/Levels/Lvl_Test/_Generated_/57IMD8HHANQ17AYO67II2JNG1.uexp" 1239
"C:/UE Projects/CreditPit/Content/Project/Levels/Lvl_Test/_Generated_/57IMD8HHANQ17AYO67II2JNG1.ubulk" 1240
"C:/UE Projects/CreditPit/Content/Project/Levels/Lvl_Test/_Generated_/57IMD8HHANQ17AYO67II2JNG1.umap" 1241
"C:/UE Projects/CreditPit/Content/Project/Levels/Lvl_Test/_Generated_/1IHLFEOU191FLWBG8E2GOSHFV.uexp" 1242
"C:/UE Projects/CreditPit/Content/Project/Levels/Lvl_Test/_Generated_/1IHLFEOU191FLWBG8E2GOSHFV.ubulk" 1243
"C:/UE Projects/CreditPit/Content/Project/Levels/Lvl_Test/_Generated_/1IHLFEOU191FLWBG8E2GOSHFV.umap" 1244
"C:/UE Projects/CreditPit/Content/Project/Levels/Lvl_Test/_Generated_/4XCOZTZ7GRC8DMNA3FCVE77FW.uexp" 1245
"C:/UE Projects/CreditPit/Content/Project/Levels/Lvl_Test/_Generated_/4XCOZTZ7GRC8DMNA3FCVE77FW.ubulk" 1246
"C:/UE Projects/CreditPit/Content/Project/Levels/Lvl_Test/_Generated_/4XCOZTZ7GRC8DMNA3FCVE77FW.umap" 1247
"C:/UE Projects/CreditPit/Content/Project/Levels/Lvl_Test/_Generated_/4ZF9RWHWCD71FPI3T2IHGDOCZ.uexp" 1248
"C:/UE Projects/CreditPit/Content/Project/Levels/Lvl_Test/_Generated_/4ZF9RWHWCD71FPI3T2IHGDOCZ.ubulk" 1249
"C:/UE Projects/CreditPit/Content/Project/Levels/Lvl_Test/_Generated_/4ZF9RWHWCD71FPI3T2IHGDOCZ.umap" 1250
"C:/UE Projects/CreditPit/Content/Project/Levels/Lvl_Test/_Generated_/9HETIM6ZKZHURNYI1FOYYER5U.uexp" 1251
"C:/UE Projects/CreditPit/Content/Project/Levels/Lvl_Test/_Generated_/9HETIM6ZKZHURNYI1FOYYER5U.ubulk" 1252
"C:/UE Projects/CreditPit/Content/Project/Levels/Lvl_Test/_Generated_/9HETIM6ZKZHURNYI1FOYYER5U.umap" 1253
"C:/UE Projects/CreditPit/Content/Project/Levels/Lvl_Test/_Generated_/EC5P9VZAYF1UJJ4E38LMA36LV.uexp" 1254
"C:/UE Projects/CreditPit/Content/Project/Levels/Lvl_Test/_Generated_/EC5P9VZAYF1UJJ4E38LMA36LV.ubulk" 1255
"C:/UE Projects/CreditPit/Content/Project/Levels/Lvl_Test/_Generated_/EC5P9VZAYF1UJJ4E38LMA36LV.umap" 1256
"C:/UE Projects/CreditPit/Content/Project/Levels/Lvl_Test/_Generated_/AZIZGIDCYXW0JSFDHV9EA3BH1.uexp" 1257
"C:/UE Projects/CreditPit/Content/Project/Levels/Lvl_Test/_Generated_/AZIZGIDCYXW0JSFDHV9EA3BH1.ubulk" 1258
"C:/UE Projects/CreditPit/Content/Project/Levels/Lvl_Test/_Generated_/AZIZGIDCYXW0JSFDHV9EA3BH1.umap" 1259
"C:/UE Projects/CreditPit/Content/Project/Levels/Lvl_Test/_Generated_/21T7KP1XRRHNJMML2CHIGBJWA.uexp" 1260
"C:/UE Projects/CreditPit/Content/Project/Levels/Lvl_Test/_Generated_/21T7KP1XRRHNJMML2CHIGBJWA.ubulk" 1261
"C:/UE Projects/CreditPit/Content/Project/Levels/Lvl_Test/_Generated_/21T7KP1XRRHNJMML2CHIGBJWA.umap" 1262
"C:/UE Projects/CreditPit/Content/Project/Levels/Lvl_Test/_Generated_/6BTJ1U2LG8ID32ERHOADYLA0Q.uexp" 1263
"C:/UE Projects/CreditPit/Content/Project/Levels/Lvl_Test/_Generated_/6BTJ1U2LG8ID32ERHOADYLA0Q.ubulk" 1264
"C:/UE Projects/CreditPit/Content/Project/Levels/Lvl_Test/_Generated_/6BTJ1U2LG8ID32ERHOADYLA0Q.umap" 1265
"C:/UE Projects/CreditPit/Content/Project/Levels/Lvl_Test/_Generated_/00RKZOKVHQ0JNUIUUFXTTQE7L.uexp" 1266
"C:/UE Projects/CreditPit/Content/Project/Levels/Lvl_Test/_Generated_/00RKZOKVHQ0JNUIUUFXTTQE7L.ubulk" 1267
"C:/UE Projects/CreditPit/Content/Project/Levels/Lvl_Test/_Generated_/00RKZOKVHQ0JNUIUUFXTTQE7L.umap" 1268
"C:/UE Projects/CreditPit/Content/Project/Levels/Lvl_Test/_Generated_/8X2DRHGF656RW57Z2JS9IVG1L.uexp" 1269
"C:/UE Projects/CreditPit/Content/Project/Levels/Lvl_Test/_Generated_/8X2DRHGF656RW57Z2JS9IVG1L.ubulk" 1270
"C:/UE Projects/CreditPit/Content/Project/Levels/Lvl_Test/_Generated_/8X2DRHGF656RW57Z2JS9IVG1L.umap" 1271
"C:/UE Projects/CreditPit/Content/Project/Levels/Lvl_Test/_Generated_/2UQCB9PPJIGC93NY0FAFMRXHG.uexp" 1272
"C:/UE Projects/CreditPit/Content/Project/Levels/Lvl_Test/_Generated_/2UQCB9PPJIGC93NY0FAFMRXHG.ubulk" 1273
"C:/UE Projects/CreditPit/Content/Project/Levels/Lvl_Test/_Generated_/2UQCB9PPJIGC93NY0FAFMRXHG.umap" 1274
"C:/UE Projects/CreditPit/Content/Project/Levels/Lvl_Test/_Generated_/A0ECG9MO3R7DTXSDRUBM3DTIE.uexp" 1275
"C:/UE Projects/CreditPit/Content/Project/Levels/Lvl_Test/_Generated_/A0ECG9MO3R7DTXSDRUBM3DTIE.ubulk" 1276
"C:/UE Projects/CreditPit/Content/Project/Levels/Lvl_Test/_Generated_/A0ECG9MO3R7DTXSDRUBM3DTIE.umap" 1277
"C:/UE Projects/CreditPit/Content/Project/Levels/Lvl_Test/_Generated_/5J444222GLCOMRK9RX9PXY0CM.uexp" 1278
"C:/UE Projects/CreditPit/Content/Project/Levels/Lvl_Test/_Generated_/5J444222GLCOMRK9RX9PXY0CM.ubulk" 1279
"C:/UE Projects/CreditPit/Content/Project/Levels/Lvl_Test/_Generated_/5J444222GLCOMRK9RX9PXY0CM.umap" 1280
"C:/UE Projects/CreditPit/Content/Project/Levels/Lvl_Test/_Generated_/0ZYA4G8N12C9LE3PXCQKPZPH7.uexp" 1281
"C:/UE Projects/CreditPit/Content/Project/Levels/Lvl_Test/_Generated_/0ZYA4G8N12C9LE3PXCQKPZPH7.ubulk" 1282
"C:/UE Projects/CreditPit/Content/Project/Levels/Lvl_Test/_Generated_/0ZYA4G8N12C9LE3PXCQKPZPH7.umap" 1283
"C:/UE Projects/CreditPit/Content/Project/Levels/Lvl_Test/_Generated_/CXJLJOGKCVCXJR8ZFVGHPZ5E2.uexp" 1284
"C:/UE Projects/CreditPit/Content/Project/Levels/Lvl_Test/_Generated_/CXJLJOGKCVCXJR8ZFVGHPZ5E2.ubulk" 1285
"C:/UE Projects/CreditPit/Content/Project/Levels/Lvl_Test/_Generated_/CXJLJOGKCVCXJR8ZFVGHPZ5E2.umap" 1286
"C:/UE Projects/CreditPit/Content/Project/Levels/Lvl_Test/_Generated_/3J9DYGQRHA38G7QGUMOPYG6EM.uexp" 1287
"C:/UE Projects/CreditPit/Content/Project/Levels/Lvl_Test/_Generated_/3J9DYGQRHA38G7QGUMOPYG6EM.ubulk" 1288
"C:/UE Projects/CreditPit/Content/Project/Levels/Lvl_Test/_Generated_/3J9DYGQRHA38G7QGUMOPYG6EM.umap" 1289
"C:/UE Projects/CreditPit/Content/Project/Levels/Lvl_Test/_Generated_/7P4UK4GZ9OC62QHQ4RUFYO5M8.uexp" 1290
"C:/UE Projects/CreditPit/Content/Project/Levels/Lvl_Test/_Generated_/7P4UK4GZ9OC62QHQ4RUFYO5M8.ubulk" 1291
"C:/UE Projects/CreditPit/Content/Project/Levels/Lvl_Test/_Generated_/7P4UK4GZ9OC62QHQ4RUFYO5M8.umap" 1292
"C:/UE Projects/CreditPit/Content/Project/Levels/Lvl_Test/_Generated_/5OA49EC9PTFTIZAK6V6SC8XNW.uexp" 1293
"C:/UE Projects/CreditPit/Content/Project/Levels/Lvl_Test/_Generated_/5OA49EC9PTFTIZAK6V6SC8XNW.ubulk" 1294
"C:/UE Projects/CreditPit/Content/Project/Levels/Lvl_Test/_Generated_/5OA49EC9PTFTIZAK6V6SC8XNW.umap" 1295
"C:/UE Projects/CreditPit/Content/Project/Levels/Lvl_Test/_Generated_/7JU0K42HTLT86YEIQHYHCBQ3A.uexp" 1296
"C:/UE Projects/CreditPit/Content/Project/Levels/Lvl_Test/_Generated_/7JU0K42HTLT86YEIQHYHCBQ3A.ubulk" 1297
"C:/UE Projects/CreditPit/Content/Project/Levels/Lvl_Test/_Generated_/7JU0K42HTLT86YEIQHYHCBQ3A.umap" 1298
"C:/UE Projects/CreditPit/Content/Project/Levels/Lvl_Test/_Generated_/8RLUCYZAYY4F153OKSGER5EQ8.uexp" 1299
"C:/UE Projects/CreditPit/Content/Project/Levels/Lvl_Test/_Generated_/8RLUCYZAYY4F153OKSGER5EQ8.ubulk" 1300
"C:/UE Projects/CreditPit/Content/Project/Levels/Lvl_Test/_Generated_/8RLUCYZAYY4F153OKSGER5EQ8.umap" 1301
"C:/UE Projects/CreditPit/Content/Project/Levels/Lvl_Test/_Generated_/8WE3G59X0XUROWWLFM98JECH2.uexp" 1302
"C:/UE Projects/CreditPit/Content/Project/Levels/Lvl_Test/_Generated_/8WE3G59X0XUROWWLFM98JECH2.ubulk" 1303
"C:/UE Projects/CreditPit/Content/Project/Levels/Lvl_Test/_Generated_/8WE3G59X0XUROWWLFM98JECH2.umap" 1304
"C:/UE Projects/CreditPit/Content/Project/Levels/Lvl_Test/_Generated_/1YCR24SRBSQ45KC64Z69ED9GG.uexp" 1305
"C:/UE Projects/CreditPit/Content/Project/Levels/Lvl_Test/_Generated_/1YCR24SRBSQ45KC64Z69ED9GG.ubulk" 1306
"C:/UE Projects/CreditPit/Content/Project/Levels/Lvl_Test/_Generated_/1YCR24SRBSQ45KC64Z69ED9GG.umap" 1307
"C:/UE Projects/CreditPit/Content/Project/Levels/Lvl_Test/_Generated_/7XC7JV8CLKMJQMNVZ4C2HH9NZ.uexp" 1308
"C:/UE Projects/CreditPit/Content/Project/Levels/Lvl_Test/_Generated_/7XC7JV8CLKMJQMNVZ4C2HH9NZ.ubulk" 1309
"C:/UE Projects/CreditPit/Content/Project/Levels/Lvl_Test/_Generated_/7XC7JV8CLKMJQMNVZ4C2HH9NZ.umap" 1310
"C:/UE Projects/CreditPit/Content/Project/Levels/Lvl_Test/_Generated_/7CIGWWOMZEUYYBWG3QG30TN33.uexp" 1311
"C:/UE Projects/CreditPit/Content/Project/Levels/Lvl_Test/_Generated_/7CIGWWOMZEUYYBWG3QG30TN33.ubulk" 1312
"C:/UE Projects/CreditPit/Content/Project/Levels/Lvl_Test/_Generated_/7CIGWWOMZEUYYBWG3QG30TN33.umap" 1313
"C:/UE Projects/CreditPit/Content/Project/Levels/Lvl_Test/_Generated_/9LGUGY26R79Y7KJBMGW93T7IV.uexp" 1314
"C:/UE Projects/CreditPit/Content/Project/Levels/Lvl_Test/_Generated_/9LGUGY26R79Y7KJBMGW93T7IV.ubulk" 1315
"C:/UE Projects/CreditPit/Content/Project/Levels/Lvl_Test/_Generated_/9LGUGY26R79Y7KJBMGW93T7IV.umap" 1316
"C:/UE Projects/CreditPit/Content/Project/Levels/Lvl_Test/_Generated_/A9S2H6B4A6L63KAAXDFYULDI4.uexp" 1317
"C:/UE Projects/CreditPit/Content/Project/Levels/Lvl_Test/_Generated_/A9S2H6B4A6L63KAAXDFYULDI4.ubulk" 1318
"C:/UE Projects/CreditPit/Content/Project/Levels/Lvl_Test/_Generated_/A9S2H6B4A6L63KAAXDFYULDI4.umap" 1319
"C:/UE Projects/CreditPit/Content/Project/Levels/Lvl_Test/_Generated_/EWA2JEUVIW07D9J1PZMRZ4016.uexp" 1320
"C:/UE Projects/CreditPit/Content/Project/Levels/Lvl_Test/_Generated_/EWA2JEUVIW07D9J1PZMRZ4016.ubulk" 1321
"C:/UE Projects/CreditPit/Content/Project/Levels/Lvl_Test/_Generated_/EWA2JEUVIW07D9J1PZMRZ4016.umap" 1322
"C:/UE Projects/CreditPit/Content/Project/Levels/Lvl_Test/_Generated_/C5LQ3DQT6JYL26IQ2H7T8TA1D.uexp" 1323
"C:/UE Projects/CreditPit/Content/Project/Levels/Lvl_Test/_Generated_/C5LQ3DQT6JYL26IQ2H7T8TA1D.ubulk" 1324
"C:/UE Projects/CreditPit/Content/Project/Levels/Lvl_Test/_Generated_/C5LQ3DQT6JYL26IQ2H7T8TA1D.umap" 1325
"C:/UE Projects/CreditPit/Content/Project/Levels/Lvl_Test/_Generated_/B75637ZQ29R6ROMBUS22NF1LB.uexp" 1326
"C:/UE Projects/CreditPit/Content/Project/Levels/Lvl_Test/_Generated_/B75637ZQ29R6ROMBUS22NF1LB.ubulk" 1327
"C:/UE Projects/CreditPit/Content/Project/Levels/Lvl_Test/_Generated_/B75637ZQ29R6ROMBUS22NF1LB.umap" 1328
"C:/UE Projects/CreditPit/Content/Project/Levels/Lvl_Test/_Generated_/924P2XH2MNMHSYRFKF6FDFXVK.uexp" 1329
"C:/UE Projects/CreditPit/Content/Project/Levels/Lvl_Test/_Generated_/924P2XH2MNMHSYRFKF6FDFXVK.ubulk" 1330
"C:/UE Projects/CreditPit/Content/Project/Levels/Lvl_Test/_Generated_/924P2XH2MNMHSYRFKF6FDFXVK.umap" 1331
"C:/UE Projects/CreditPit/Content/Project/Levels/Lvl_Test/_Generated_/002RVSMXQFST3Y0I08F1SX1NC.uexp" 1332
"C:/UE Projects/CreditPit/Content/Project/Levels/Lvl_Test/_Generated_/002RVSMXQFST3Y0I08F1SX1NC.ubulk" 1333
"C:/UE Projects/CreditPit/Content/Project/Levels/Lvl_Test/_Generated_/002RVSMXQFST3Y0I08F1SX1NC.umap" 1334
"C:/UE Projects/CreditPit/Content/Project/Levels/Lvl_Test/_Generated_/2GGTLF7WAXV47BLTZ73K3C05H.uexp" 1335
"C:/UE Projects/CreditPit/Content/Project/Levels/Lvl_Test/_Generated_/2GGTLF7WAXV47BLTZ73K3C05H.ubulk" 1336
"C:/UE Projects/CreditPit/Content/Project/Levels/Lvl_Test/_Generated_/2GGTLF7WAXV47BLTZ73K3C05H.umap" 1337
"C:/UE Projects/CreditPit/Content/Project/Levels/Lvl_Test/_Generated_/3CRE11BF52OZG2L3HXLX3R4E4.uexp" 1338
"C:/UE Projects/CreditPit/Content/Project/Levels/Lvl_Test/_Generated_/3CRE11BF52OZG2L3HXLX3R4E4.ubulk" 1339
"C:/UE Projects/CreditPit/Content/Project/Levels/Lvl_Test/_Generated_/3CRE11BF52OZG2L3HXLX3R4E4.umap" 1340
"C:/UE Projects/CreditPit/Content/Project/Levels/Lvl_Test/_Generated_/B814YGNB8TXETN1A5Z0TUNWBV.uexp" 1341
"C:/UE Projects/CreditPit/Content/Project/Levels/Lvl_Test/_Generated_/B814YGNB8TXETN1A5Z0TUNWBV.ubulk" 1342
"C:/UE Projects/CreditPit/Content/Project/Levels/Lvl_Test/_Generated_/B814YGNB8TXETN1A5Z0TUNWBV.umap" 1343
"C:/UE Projects/CreditPit/Content/Project/Levels/Lvl_Test/_Generated_/02O4T3PW99RND0R4SULNNFDR4.uexp" 1344
"C:/UE Projects/CreditPit/Content/Project/Levels/Lvl_Test/_Generated_/02O4T3PW99RND0R4SULNNFDR4.ubulk" 1345
"C:/UE Projects/CreditPit/Content/Project/Levels/Lvl_Test/_Generated_/02O4T3PW99RND0R4SULNNFDR4.umap" 1346
"C:/UE Projects/CreditPit/Content/Project/Levels/Lvl_Test/_Generated_/E5Z0HM8KUWC2CHJK9NV7SPBVW.uexp" 1347
"C:/UE Projects/CreditPit/Content/Project/Levels/Lvl_Test/_Generated_/E5Z0HM8KUWC2CHJK9NV7SPBVW.ubulk" 1348
"C:/UE Projects/CreditPit/Content/Project/Levels/Lvl_Test/_Generated_/E5Z0HM8KUWC2CHJK9NV7SPBVW.umap" 1349
"C:/UE Projects/CreditPit/Content/Project/Levels/Lvl_Test/_Generated_/5EBIRQ4RW6SN7W6W74487MT49.uexp" 1350
"C:/UE Projects/CreditPit/Content/Project/Levels/Lvl_Test/_Generated_/5EBIRQ4RW6SN7W6W74487MT49.ubulk" 1351
"C:/UE Projects/CreditPit/Content/Project/Levels/Lvl_Test/_Generated_/5EBIRQ4RW6SN7W6W74487MT49.umap" 1352
"C:/UE Projects/CreditPit/Content/Project/Levels/Lvl_Test/_Generated_/7R1ZRFTYX4534I06R7GVTMVQO.uexp" 1353
"C:/UE Projects/CreditPit/Content/Project/Levels/Lvl_Test/_Generated_/7R1ZRFTYX4534I06R7GVTMVQO.ubulk" 1354
"C:/UE Projects/CreditPit/Content/Project/Levels/Lvl_Test/_Generated_/7R1ZRFTYX4534I06R7GVTMVQO.umap" 1355
"C:/UE Projects/CreditPit/Content/Project/Levels/Lvl_Test/_Generated_/16FEP8LN9BLVVQOPUNBLX2XOF.uexp" 1356
"C:/UE Projects/CreditPit/Content/Project/Levels/Lvl_Test/_Generated_/16FEP8LN9BLVVQOPUNBLX2XOF.ubulk" 1357
"C:/UE Projects/CreditPit/Content/Project/Levels/Lvl_Test/_Generated_/16FEP8LN9BLVVQOPUNBLX2XOF.umap" 1358
"C:/UE Projects/CreditPit/Content/Project/Levels/Lvl_Test/_Generated_/8RIE3E7IXV4UMTB8UJ41O8PLK.uexp" 1359
"C:/UE Projects/CreditPit/Content/Project/Levels/Lvl_Test/_Generated_/8RIE3E7IXV4UMTB8UJ41O8PLK.ubulk" 1360
"C:/UE Projects/CreditPit/Content/Project/Levels/Lvl_Test/_Generated_/8RIE3E7IXV4UMTB8UJ41O8PLK.umap" 1361
"C:/UE Projects/CreditPit/Content/Project/Levels/Lvl_Test/_Generated_/61G8LXAZLA1J1KUGMJNF3UTBL.uexp" 1362
"C:/UE Projects/CreditPit/Content/Project/Levels/Lvl_Test/_Generated_/61G8LXAZLA1J1KUGMJNF3UTBL.ubulk" 1363
"C:/UE Projects/CreditPit/Content/Project/Levels/Lvl_Test/_Generated_/61G8LXAZLA1J1KUGMJNF3UTBL.umap" 1364
"C:/UE Projects/CreditPit/Content/Project/Levels/Lvl_Test/_Generated_/3DHQMQWES5UL7SJYVY4XW2MDK.uexp" 1365
"C:/UE Projects/CreditPit/Content/Project/Levels/Lvl_Test/_Generated_/3DHQMQWES5UL7SJYVY4XW2MDK.ubulk" 1366
"C:/UE Projects/CreditPit/Content/Project/Levels/Lvl_Test/_Generated_/3DHQMQWES5UL7SJYVY4XW2MDK.umap" 1367
"C:/UE Projects/CreditPit/Content/Project/Levels/Lvl_Test/_Generated_/1G6M37O5WMOCJPNKP24YPW9LX.uexp" 1368
"C:/UE Projects/CreditPit/Content/Project/Levels/Lvl_Test/_Generated_/1G6M37O5WMOCJPNKP24YPW9LX.ubulk" 1369
"C:/UE Projects/CreditPit/Content/Project/Levels/Lvl_Test/_Generated_/1G6M37O5WMOCJPNKP24YPW9LX.umap" 1370
"C:/UE Projects/CreditPit/Content/Project/Levels/Lvl_Test/_Generated_/7C7DWZJXUESAU4DSSOGR1B19Y.uexp" 1371
"C:/UE Projects/CreditPit/Content/Project/Levels/Lvl_Test/_Generated_/7C7DWZJXUESAU4DSSOGR1B19Y.ubulk" 1372
"C:/UE Projects/CreditPit/Content/Project/Levels/Lvl_Test/_Generated_/7C7DWZJXUESAU4DSSOGR1B19Y.umap" 1373
"C:/UE Projects/CreditPit/Content/Project/Levels/Lvl_Test/_Generated_/3FVQUIUYUK6PH756Q8QIQM34X.uexp" 1374
"C:/UE Projects/CreditPit/Content/Project/Levels/Lvl_Test/_Generated_/3FVQUIUYUK6PH756Q8QIQM34X.ubulk" 1375
"C:/UE Projects/CreditPit/Content/Project/Levels/Lvl_Test/_Generated_/3FVQUIUYUK6PH756Q8QIQM34X.umap" 1376
"C:/UE Projects/CreditPit/Content/Project/Levels/Lvl_Test/_Generated_/3507CL481JYRTEGK97OEYPRGZ.uexp" 1377
"C:/UE Projects/CreditPit/Content/Project/Levels/Lvl_Test/_Generated_/3507CL481JYRTEGK97OEYPRGZ.ubulk" 1378
"C:/UE Projects/CreditPit/Content/Project/Levels/Lvl_Test/_Generated_/3507CL481JYRTEGK97OEYPRGZ.umap" 1379
"C:/UE Projects/CreditPit/Content/Project/Levels/Lvl_Test/_Generated_/BRWUW4NEPGY688OYRIL4U29GZ.uexp" 1380
"C:/UE Projects/CreditPit/Content/Project/Levels/Lvl_Test/_Generated_/BRWUW4NEPGY688OYRIL4U29GZ.ubulk" 1381
"C:/UE Projects/CreditPit/Content/Project/Levels/Lvl_Test/_Generated_/BRWUW4NEPGY688OYRIL4U29GZ.umap" 1382
